Company ID,pred_class
1,FALSE
2,FALSE
7,TRUE
8,TRUE
11,FALSE
15,FALSE
17,FALSE
19,FALSE
21,TRUE
22,FALSE
24,FALSE
26,TRUE
28,FALSE
36,FALSE
42,FALSE
45,FALSE
46,TRUE
49,FALSE
53,TRUE
54,FALSE
57,TRUE
60,FALSE
63,FALSE
64,FALSE
65,TRUE
66,FALSE
69,FALSE
71,FALSE
73,FALSE
74,FALSE
75,FALSE
78,FALSE
81,TRUE
89,TRUE
91,FALSE
92,FALSE
96,FALSE
99,TRUE
101,FALSE
104,FALSE
105,FALSE
106,FALSE
107,FALSE
109,FALSE
112,FALSE
120,TRUE
121,FALSE
124,FALSE
125,FALSE
128,TRUE
133,TRUE
138,TRUE
140,FALSE
148,FALSE
150,FALSE
153,FALSE
154,FALSE
157,TRUE
160,FALSE
161,FALSE
163,TRUE
165,FALSE
167,TRUE
170,FALSE
174,TRUE
177,TRUE
178,TRUE
181,FALSE
184,FALSE
187,FALSE
188,FALSE
190,FALSE
191,TRUE
193,FALSE
194,FALSE
195,FALSE
198,FALSE
200,FALSE
202,FALSE
206,TRUE
210,FALSE
223,FALSE
226,FALSE
230,FALSE
231,FALSE
234,TRUE
242,TRUE
246,FALSE
247,FALSE
248,TRUE
250,FALSE
251,TRUE
253,FALSE
254,TRUE
255,TRUE
257,TRUE
260,TRUE
263,FALSE
265,TRUE
267,FALSE
271,FALSE
274,FALSE
276,TRUE
280,FALSE
282,FALSE
286,FALSE
287,FALSE
291,FALSE
300,TRUE
305,FALSE
306,FALSE
308,TRUE
310,TRUE
314,FALSE
319,TRUE
320,FALSE
325,FALSE
328,FALSE
334,TRUE
338,FALSE
339,FALSE
341,FALSE
342,FALSE
350,FALSE
351,FALSE
353,TRUE
355,FALSE
356,FALSE
366,TRUE
369,FALSE
370,FALSE
377,FALSE
379,TRUE
380,FALSE
383,FALSE
384,TRUE
386,FALSE
388,TRUE
393,FALSE
395,TRUE
398,FALSE
403,TRUE
407,TRUE
413,FALSE
414,FALSE
418,FALSE
421,TRUE
423,FALSE
426,FALSE
430,FALSE
435,FALSE
438,FALSE
442,FALSE
443,FALSE
451,FALSE
454,FALSE
458,FALSE
470,TRUE
471,FALSE
472,FALSE
480,TRUE
484,FALSE
496,FALSE
498,FALSE
499,FALSE
501,FALSE
507,TRUE
508,FALSE
511,TRUE
513,FALSE
515,FALSE
516,TRUE
521,FALSE
522,FALSE
529,TRUE
532,FALSE
534,FALSE
536,FALSE
537,TRUE
540,FALSE
541,TRUE
543,TRUE
544,FALSE
549,FALSE
557,FALSE
559,FALSE
566,TRUE
569,FALSE
576,FALSE
579,FALSE
581,FALSE
582,FALSE
587,FALSE
588,FALSE
589,FALSE
598,FALSE
602,FALSE
603,FALSE
605,FALSE
610,TRUE
611,TRUE
614,FALSE
615,TRUE
617,TRUE
618,FALSE
619,FALSE
621,TRUE
623,FALSE
629,FALSE
633,FALSE
641,FALSE
647,FALSE
649,FALSE
650,TRUE
652,FALSE
654,FALSE
668,TRUE
669,FALSE
670,TRUE
671,FALSE
672,FALSE
684,FALSE
688,TRUE
699,FALSE
701,FALSE
706,FALSE
707,TRUE
710,FALSE
711,FALSE
713,FALSE
722,FALSE
724,FALSE
726,FALSE
730,FALSE
737,TRUE
738,FALSE
743,TRUE
759,FALSE
760,FALSE
761,FALSE
763,FALSE
765,TRUE
766,FALSE
768,FALSE
774,TRUE
775,FALSE
776,FALSE
777,FALSE
784,FALSE
788,FALSE
796,FALSE
797,FALSE
798,FALSE
800,TRUE
801,FALSE
805,FALSE
810,TRUE
811,TRUE
818,FALSE
820,FALSE
824,TRUE
828,FALSE
830,FALSE
834,FALSE
835,TRUE
840,FALSE
842,FALSE
845,FALSE
846,FALSE
848,FALSE
850,TRUE
853,FALSE
860,TRUE
861,FALSE
863,FALSE
866,FALSE
867,FALSE
869,FALSE
872,TRUE
874,FALSE
875,TRUE
878,FALSE
881,FALSE
891,FALSE
898,FALSE
899,FALSE
903,FALSE
909,FALSE
915,FALSE
916,FALSE
919,FALSE
920,TRUE
922,FALSE
923,FALSE
929,FALSE
931,FALSE
932,TRUE
937,TRUE
939,FALSE
946,FALSE
947,FALSE
953,FALSE
955,FALSE
958,FALSE
964,FALSE
973,FALSE
975,FALSE
978,FALSE
979,FALSE
981,FALSE
982,TRUE
985,TRUE
988,FALSE
992,TRUE
996,FALSE
998,FALSE
999,FALSE
1003,FALSE
1005,FALSE
1008,FALSE
1017,FALSE
1023,FALSE
1029,FALSE
1030,FALSE
1031,FALSE
1032,TRUE
1038,FALSE
1042,TRUE
1043,FALSE
1044,TRUE
1047,FALSE
1049,TRUE
1051,FALSE
1055,FALSE
1057,TRUE
1059,FALSE
1062,TRUE
1067,FALSE
1075,TRUE
1086,FALSE
1089,FALSE
1092,FALSE
1096,FALSE
1099,FALSE
1107,TRUE
1111,FALSE
1114,FALSE
1124,TRUE
1125,FALSE
1131,FALSE
1132,FALSE
1133,FALSE
1135,TRUE
1137,FALSE
1140,FALSE
1141,FALSE
1144,FALSE
1149,FALSE
1154,FALSE
1160,FALSE
1165,FALSE
1166,TRUE
1173,FALSE
1177,FALSE
1181,FALSE
1184,FALSE
1186,FALSE
1188,FALSE
1189,FALSE
1198,FALSE
1199,FALSE
1205,FALSE
1208,FALSE
1211,FALSE
1212,FALSE
1215,FALSE
1217,FALSE
1219,FALSE
1226,FALSE
1227,FALSE
1229,TRUE
1230,FALSE
1231,FALSE
1232,FALSE
1237,TRUE
1244,FALSE
1246,TRUE
1249,FALSE
1262,FALSE
1264,TRUE
1266,FALSE
1269,FALSE
1272,FALSE
1273,FALSE
1275,FALSE
1276,FALSE
1280,FALSE
1283,TRUE
1284,FALSE
1285,FALSE
1286,FALSE
1287,TRUE
1295,FALSE
1297,TRUE
1302,FALSE
1303,TRUE
1306,FALSE
1314,TRUE
1317,FALSE
1320,FALSE
1329,FALSE
1333,FALSE
1337,FALSE
1338,FALSE
1340,FALSE
1343,FALSE
1344,TRUE
1347,FALSE
1348,FALSE
1349,FALSE
1356,FALSE
1358,FALSE
1360,FALSE
1369,FALSE
1371,TRUE
1376,FALSE
1382,FALSE
1385,FALSE
1387,FALSE
1388,TRUE
1396,FALSE
1397,FALSE
1398,TRUE
1401,TRUE
1404,TRUE
1406,FALSE
1407,FALSE
1410,TRUE
1417,FALSE
1418,TRUE
1425,FALSE
1426,FALSE
1427,TRUE
1436,FALSE
1438,FALSE
1442,FALSE
1448,FALSE
1449,FALSE
1451,TRUE
1452,TRUE
1458,FALSE
1460,FALSE
1465,FALSE
1471,TRUE
1472,FALSE
1474,FALSE
1477,TRUE
1478,FALSE
1480,FALSE
1482,FALSE
1485,FALSE
1490,FALSE
1491,FALSE
1492,FALSE
1494,FALSE
1500,FALSE
1504,FALSE
1505,TRUE
1519,FALSE
1524,TRUE
1534,FALSE
1535,FALSE
1537,FALSE
1540,FALSE
1541,FALSE
1545,FALSE
1554,FALSE
1557,FALSE
1563,FALSE
1564,FALSE
1565,FALSE
1566,FALSE
1567,FALSE
1568,FALSE
1569,TRUE
1571,FALSE
1572,TRUE
1574,FALSE
1575,FALSE
1578,FALSE
1579,FALSE
1582,TRUE
1588,FALSE
1594,FALSE
1596,FALSE
1602,TRUE
1606,FALSE
1608,TRUE
1618,FALSE
1620,TRUE
1622,FALSE
1624,FALSE
1629,TRUE
1636,TRUE
1637,FALSE
1640,FALSE
1644,TRUE
1649,FALSE
1650,TRUE
1651,FALSE
1655,FALSE
1659,FALSE
1663,FALSE
1667,FALSE
1670,FALSE
1676,FALSE
1684,FALSE
1685,FALSE
1686,FALSE
1688,FALSE
1690,TRUE
1694,FALSE
1698,FALSE
1702,FALSE
1703,TRUE
1706,TRUE
1712,TRUE
1718,FALSE
1719,FALSE
1721,TRUE
1735,TRUE
1737,FALSE
1744,FALSE
1748,TRUE
1749,FALSE
1750,FALSE
1751,FALSE
1752,TRUE
1754,FALSE
1762,TRUE
1766,FALSE
1767,FALSE
1769,TRUE
1778,FALSE
1780,FALSE
1782,FALSE
1792,TRUE
1795,FALSE
1799,TRUE
1803,FALSE
1808,TRUE
1810,FALSE
1815,FALSE
1816,FALSE
1818,FALSE
1821,FALSE
1828,FALSE
1836,TRUE
1838,FALSE
1840,TRUE
1842,FALSE
1843,FALSE
1850,FALSE
1854,TRUE
1855,FALSE
1859,FALSE
1866,TRUE
1867,FALSE
1868,TRUE
1871,FALSE
1873,TRUE
1875,FALSE
1878,FALSE
1879,TRUE
1881,TRUE
1888,TRUE
1889,TRUE
1893,FALSE
1894,FALSE
1895,FALSE
1896,TRUE
1899,TRUE
1902,FALSE
1908,FALSE
1914,TRUE
1916,TRUE
1918,FALSE
1924,TRUE
1930,FALSE
1931,FALSE
1937,FALSE
1943,TRUE
1946,FALSE
1947,FALSE
1960,FALSE
1965,FALSE
1967,FALSE
1973,FALSE
1976,TRUE
1980,FALSE
1981,FALSE
1982,FALSE
1985,TRUE
1986,FALSE
1989,TRUE
1990,FALSE
1996,TRUE
1997,FALSE
1999,FALSE
2000,TRUE
2001,TRUE
2007,TRUE
2014,FALSE
2017,FALSE
2022,TRUE
2030,FALSE
2038,FALSE
2041,TRUE
2042,FALSE
2044,TRUE
2047,TRUE
2048,FALSE
2049,FALSE
2058,TRUE
2059,FALSE
2060,FALSE
2064,TRUE
2065,FALSE
2067,TRUE
2068,TRUE
2069,FALSE
2075,FALSE
2080,FALSE
2081,FALSE
2085,TRUE
2089,FALSE
2093,FALSE
2094,FALSE
2100,TRUE
2109,FALSE
2111,FALSE
2113,FALSE
2115,TRUE
2122,TRUE
2128,FALSE
2129,FALSE
2135,TRUE
2140,FALSE
2145,TRUE
2147,FALSE
2148,FALSE
2149,FALSE
2150,TRUE
2153,FALSE
2154,FALSE
2156,TRUE
2158,TRUE
2161,FALSE
2163,FALSE
2164,FALSE
2165,FALSE
2168,FALSE
2169,TRUE
2170,FALSE
2172,FALSE
2173,FALSE
2184,TRUE
2185,TRUE
2189,FALSE
2190,FALSE
2192,FALSE
2195,TRUE
2196,FALSE
2197,FALSE
2199,TRUE
2201,TRUE
2203,FALSE
2204,FALSE
2210,FALSE
2211,FALSE
2213,FALSE
2214,FALSE
2216,FALSE
2217,FALSE
2218,FALSE
2233,FALSE
2234,FALSE
2235,FALSE
2239,FALSE
2241,FALSE
2242,FALSE
2245,FALSE
2248,TRUE
2249,TRUE
2252,FALSE
2253,TRUE
2255,TRUE
2260,TRUE
2268,FALSE
2272,FALSE
2282,FALSE
2283,FALSE
2284,FALSE
2286,TRUE
2287,FALSE
2288,FALSE
2290,TRUE
2294,FALSE
2297,FALSE
2309,FALSE
2319,FALSE
2320,TRUE
2322,FALSE
2323,FALSE
2324,FALSE
2325,TRUE
2326,FALSE
2329,TRUE
2331,TRUE
2334,FALSE
2335,FALSE
2336,TRUE
2337,FALSE
2338,FALSE
2348,FALSE
2360,TRUE
2365,FALSE
2377,TRUE
2379,TRUE
2380,TRUE
2381,FALSE
2383,TRUE
2384,FALSE
2388,FALSE
2390,FALSE
2394,TRUE
2398,TRUE
2399,FALSE
2402,FALSE
2406,FALSE
2407,TRUE
2411,FALSE
2414,FALSE
2416,FALSE
2418,TRUE
2420,FALSE
2423,TRUE
2428,FALSE
2430,FALSE
2431,TRUE
2434,FALSE
2439,TRUE
2445,FALSE
2451,FALSE
2453,FALSE
2457,FALSE
2458,TRUE
2464,FALSE
2465,TRUE
2466,FALSE
2469,TRUE
2477,FALSE
2484,FALSE
2490,FALSE
2491,FALSE
2492,FALSE
2494,FALSE
2495,FALSE
2496,FALSE
2503,FALSE
2504,TRUE
2507,TRUE
2510,FALSE
2515,FALSE
2518,TRUE
2530,TRUE
2532,FALSE
2540,FALSE
2542,FALSE
2548,FALSE
2552,FALSE
2559,FALSE
2564,FALSE
2565,FALSE
2566,FALSE
2574,TRUE
2575,TRUE
2580,FALSE
2581,FALSE
2586,FALSE
2587,TRUE
2589,FALSE
2591,TRUE
2609,TRUE
2610,FALSE
2617,TRUE
2620,FALSE
2621,TRUE
2624,TRUE
2629,FALSE
2634,FALSE
2641,FALSE
2650,FALSE
2653,FALSE
2654,TRUE
2656,FALSE
2658,FALSE
2668,TRUE
2670,FALSE
2674,TRUE
2675,TRUE
2676,FALSE
2679,FALSE
2682,FALSE
2692,TRUE
2695,TRUE
2698,TRUE
2700,FALSE
2705,FALSE
2707,TRUE
2711,TRUE
2714,FALSE
2717,TRUE
2721,FALSE
2722,TRUE
2725,FALSE
2726,FALSE
2727,FALSE
2728,FALSE
2736,TRUE
2749,FALSE
2750,FALSE
2751,FALSE
2762,FALSE
2764,FALSE
2767,FALSE
2769,FALSE
2770,FALSE
2780,TRUE
2781,FALSE
2783,TRUE
2784,FALSE
2786,FALSE
2787,FALSE
2789,TRUE
2792,FALSE
2793,FALSE
2795,FALSE
2798,FALSE
2799,TRUE
2802,FALSE
2803,TRUE
2806,TRUE
2807,TRUE
2812,FALSE
2814,TRUE
2815,FALSE
2816,FALSE
2817,TRUE
2818,FALSE
2819,FALSE
2822,FALSE
2825,FALSE
2828,FALSE
2830,FALSE
2831,FALSE
2833,FALSE
2838,TRUE
2840,TRUE
2841,FALSE
2842,TRUE
2848,FALSE
2854,TRUE
2856,FALSE
2860,FALSE
2862,FALSE
2865,FALSE
2866,TRUE
2868,FALSE
2869,FALSE
2874,FALSE
2875,FALSE
2879,TRUE
2884,TRUE
2887,FALSE
2891,FALSE
2892,FALSE
2895,TRUE
2897,FALSE
2898,FALSE
2903,FALSE
2910,FALSE
2915,TRUE
2919,TRUE
2921,TRUE
2926,FALSE
2927,FALSE
2928,FALSE
2930,TRUE
2931,FALSE
2937,TRUE
2940,TRUE
2941,FALSE
2944,TRUE
2947,FALSE
2950,FALSE
2951,FALSE
2957,FALSE
2959,FALSE
2963,FALSE
2964,FALSE
2968,FALSE
2969,FALSE
2971,FALSE
2975,FALSE
2977,FALSE
2980,TRUE
2983,FALSE
2988,FALSE
2990,FALSE
2992,TRUE
2996,FALSE
3005,FALSE
3006,FALSE
3008,FALSE
3009,FALSE
3010,FALSE
3011,TRUE
3014,FALSE
3015,TRUE
3030,TRUE
3033,FALSE
3034,FALSE
3037,TRUE
3044,FALSE
3049,TRUE
3056,FALSE
3057,FALSE
3069,FALSE
3081,FALSE
3086,FALSE
3088,FALSE
3089,FALSE
3097,FALSE
3099,FALSE
3100,FALSE
3108,FALSE
3110,FALSE
3111,TRUE
3112,TRUE
3115,FALSE
3118,FALSE
3121,TRUE
3125,FALSE
3128,FALSE
3130,FALSE
3131,FALSE
3133,TRUE
3139,FALSE
3140,FALSE
3141,TRUE
3144,FALSE
3148,FALSE
3149,FALSE
3159,FALSE
3164,FALSE
3171,FALSE
3172,TRUE
3174,FALSE
3177,FALSE
3178,FALSE
3180,FALSE
3181,TRUE
3185,FALSE
3188,FALSE
3191,FALSE
3198,FALSE
3199,TRUE
3204,FALSE
3206,FALSE
3210,TRUE
3211,TRUE
3213,TRUE
3216,FALSE
3217,FALSE
3218,FALSE
3224,FALSE
3227,FALSE
3233,FALSE
3234,FALSE
3237,FALSE
3243,FALSE
3244,FALSE
3246,FALSE
3255,FALSE
3259,FALSE
3260,FALSE
3264,TRUE
3267,FALSE
3271,FALSE
3272,TRUE
3273,TRUE
3278,FALSE
3283,FALSE
3298,TRUE
3299,FALSE
3300,FALSE
3301,FALSE
3303,FALSE
3306,FALSE
3307,FALSE
3313,FALSE
3316,FALSE
3319,FALSE
3320,FALSE
3321,FALSE
3322,FALSE
3329,FALSE
3330,FALSE
3331,FALSE
3332,FALSE
3333,FALSE
3336,FALSE
3338,FALSE
3339,FALSE
3341,FALSE
3346,FALSE
3348,FALSE
3351,FALSE
3354,FALSE
3359,FALSE
3360,FALSE
3369,FALSE
3382,FALSE
3387,FALSE
3388,FALSE
3396,FALSE
3398,FALSE
3404,FALSE
3405,TRUE
3410,FALSE
3416,FALSE
3428,FALSE
3432,TRUE
3437,FALSE
3440,TRUE
3443,TRUE
3453,FALSE
3454,FALSE
3455,FALSE
3458,TRUE
3459,FALSE
3463,TRUE
3477,FALSE
3480,TRUE
3482,TRUE
3489,TRUE
3492,TRUE
3493,FALSE
3494,TRUE
3495,FALSE
3497,FALSE
3501,FALSE
3503,FALSE
3507,TRUE
3509,TRUE
3515,FALSE
3516,FALSE
3526,FALSE
3527,TRUE
3530,FALSE
3531,TRUE
3539,FALSE
3541,TRUE
3547,FALSE
3548,FALSE
3554,TRUE
3564,FALSE
3565,FALSE
3567,FALSE
3569,TRUE
3571,TRUE
3573,FALSE
3574,FALSE
3575,TRUE
3577,FALSE
3578,FALSE
3580,FALSE
3581,FALSE
3582,FALSE
3588,TRUE
3592,FALSE
3598,TRUE
3600,TRUE
3602,FALSE
3604,FALSE
3608,FALSE
3613,TRUE
3619,FALSE
3622,FALSE
3627,FALSE
3630,FALSE
3633,FALSE
3637,FALSE
3640,TRUE
3643,FALSE
3644,FALSE
3645,TRUE
3653,TRUE
3657,FALSE
3665,TRUE
3670,TRUE
3678,FALSE
3679,FALSE
3680,TRUE
3690,FALSE
3696,FALSE
3702,FALSE
3704,FALSE
3707,TRUE
3712,FALSE
3715,FALSE
3716,FALSE
3722,TRUE
3724,TRUE
3751,FALSE
3780,FALSE
3782,TRUE
3784,TRUE
3790,FALSE
3792,TRUE
3799,TRUE
3800,FALSE
3808,TRUE
3809,TRUE
3813,FALSE
3815,FALSE
3817,FALSE
3822,TRUE
3823,FALSE
3825,FALSE
3828,FALSE
3830,FALSE
3832,TRUE
3839,FALSE
3846,FALSE
3848,TRUE
3849,TRUE
3850,FALSE
3852,FALSE
3866,TRUE
3867,FALSE
3869,TRUE
3870,TRUE
3873,FALSE
3876,FALSE
3877,FALSE
3878,FALSE
3879,FALSE
3883,FALSE
3884,TRUE
3888,TRUE
3889,TRUE
3891,TRUE
3895,FALSE
3897,TRUE
3899,FALSE
3901,FALSE
3902,FALSE
3903,FALSE
3905,FALSE
3908,FALSE
3910,FALSE
3911,FALSE
3913,TRUE
3916,FALSE
3920,FALSE
3923,FALSE
3924,FALSE
3930,FALSE
3938,TRUE
3939,TRUE
3945,FALSE
3950,FALSE
3952,FALSE
3953,FALSE
3954,FALSE
3960,FALSE
3962,FALSE
3965,TRUE
3966,FALSE
3967,TRUE
3975,FALSE
3976,TRUE
3983,FALSE
3984,FALSE
3985,FALSE
3988,FALSE
3989,FALSE
3992,FALSE
3999,TRUE
4000,FALSE
4005,FALSE
4013,FALSE
4018,FALSE
4022,FALSE
4024,FALSE
4028,FALSE
4029,FALSE
4035,FALSE
4039,TRUE
4040,FALSE
4042,FALSE
4045,FALSE
4047,TRUE
4048,TRUE
4050,FALSE
4051,FALSE
4054,TRUE
4057,FALSE
4059,TRUE
4061,FALSE
4067,FALSE
4068,FALSE
4073,FALSE
4076,TRUE
4080,FALSE
4082,FALSE
4087,TRUE
4089,FALSE
4091,TRUE
4093,TRUE
4096,FALSE
4102,TRUE
4104,TRUE
4106,TRUE
4112,FALSE
4117,FALSE
4126,TRUE
4127,TRUE
4137,TRUE
4141,TRUE
4142,FALSE
4144,TRUE
4146,FALSE
4148,TRUE
4150,FALSE
4152,FALSE
4158,FALSE
4159,FALSE
4162,FALSE
4166,FALSE
4167,FALSE
4168,TRUE
4169,FALSE
4172,FALSE
4173,FALSE
4174,FALSE
4176,FALSE
4177,TRUE
4179,FALSE
4187,FALSE
4188,FALSE
4190,FALSE
4196,FALSE
4201,TRUE
4203,TRUE
4211,FALSE
4212,FALSE
4213,FALSE
4218,FALSE
4219,FALSE
4222,FALSE
4224,FALSE
4225,FALSE
4233,FALSE
4234,TRUE
4235,TRUE
4238,TRUE
4247,FALSE
4248,FALSE
4251,TRUE
4260,TRUE
4265,TRUE
4266,TRUE
4272,FALSE
4273,FALSE
4278,TRUE
4280,FALSE
4287,FALSE
4291,FALSE
4293,FALSE
4294,FALSE
4296,FALSE
4297,FALSE
4298,FALSE
4299,FALSE
4302,TRUE
4305,FALSE
4308,FALSE
4311,FALSE
4316,FALSE
4321,TRUE
4335,TRUE
4340,FALSE
4341,TRUE
4347,FALSE
4348,FALSE
4352,FALSE
4353,FALSE
4356,TRUE
4357,FALSE
4366,FALSE
4371,FALSE
4387,FALSE
4391,FALSE
4394,TRUE
4399,FALSE
4402,FALSE
4407,FALSE
4413,TRUE
4418,FALSE
4424,FALSE
4425,FALSE
4428,TRUE
4431,TRUE
4432,FALSE
4434,FALSE
4437,FALSE
4439,FALSE
4448,FALSE
4451,TRUE
4452,TRUE
4455,FALSE
4457,FALSE
4458,FALSE
4462,FALSE
4465,TRUE
4470,FALSE
4476,FALSE
4477,FALSE
4488,TRUE
4489,TRUE
4490,FALSE
4498,FALSE
4499,FALSE
4501,FALSE
4502,FALSE
4507,FALSE
4515,TRUE
4518,TRUE
4519,TRUE
4526,FALSE
4529,FALSE
4531,FALSE
4537,TRUE
4538,FALSE
4545,FALSE
4546,TRUE
4548,FALSE
4553,FALSE
4554,FALSE
4563,FALSE
4564,FALSE
4566,TRUE
4570,FALSE
4574,FALSE
4578,TRUE
4581,FALSE
4585,FALSE
4588,TRUE
4589,TRUE
4597,FALSE
4598,TRUE
4609,FALSE
4612,TRUE
4617,TRUE
4625,FALSE
4629,FALSE
4631,TRUE
4633,FALSE
4637,FALSE
4642,FALSE
4644,FALSE
4648,FALSE
4650,FALSE
4659,FALSE
4664,TRUE
4665,FALSE
4666,FALSE
4667,FALSE
4674,FALSE
4675,FALSE
4676,FALSE
4678,TRUE
4681,FALSE
4691,TRUE
4693,FALSE
4697,FALSE
4698,TRUE
4700,FALSE
4707,FALSE
4710,FALSE
4715,FALSE
4717,FALSE
4718,TRUE
4719,FALSE
4721,TRUE
4723,FALSE
4725,TRUE
4726,FALSE
4727,FALSE
4729,TRUE
4731,FALSE
4733,TRUE
4737,FALSE
4740,TRUE
4741,TRUE
4744,FALSE
4752,FALSE
4753,TRUE
4755,FALSE
4760,FALSE
4762,FALSE
4764,FALSE
4765,FALSE
4767,FALSE
4769,FALSE
4772,FALSE
4775,FALSE
4778,FALSE
4785,FALSE
4787,FALSE
4793,TRUE
4801,TRUE
4804,TRUE
4805,TRUE
4806,TRUE
4807,FALSE
4811,FALSE
4813,FALSE
4817,FALSE
4818,TRUE
4819,FALSE
4824,FALSE
4833,FALSE
4836,TRUE
4840,FALSE
4841,FALSE
4842,FALSE
4846,FALSE
4847,TRUE
4849,TRUE
4853,FALSE
4854,FALSE
4860,FALSE
4865,FALSE
4867,TRUE
4868,FALSE
4873,FALSE
4878,FALSE
4883,FALSE
4894,TRUE
4895,FALSE
4896,FALSE
4898,FALSE
4899,FALSE
4902,FALSE
4904,FALSE
4906,FALSE
4908,TRUE
4909,FALSE
4919,FALSE
4923,TRUE
4924,FALSE
4925,FALSE
4926,FALSE
4929,FALSE
4930,TRUE
4932,FALSE
4933,FALSE
4936,TRUE
4937,FALSE
4938,FALSE
4958,FALSE
4959,FALSE
4962,FALSE
4965,TRUE
4966,FALSE
4967,TRUE
4969,TRUE
4972,FALSE
4973,FALSE
4974,TRUE
4980,FALSE
4982,FALSE
4987,TRUE
4988,FALSE
4992,TRUE
4996,FALSE
4997,FALSE
4999,FALSE
5001,TRUE
5003,FALSE
5005,FALSE
5009,FALSE
5015,FALSE
5020,FALSE
5021,FALSE
5022,FALSE
5025,FALSE
5028,FALSE
5029,FALSE
5036,FALSE
5039,FALSE
5041,TRUE
5047,FALSE
5049,TRUE
5056,TRUE
5058,FALSE
5061,FALSE
5063,TRUE
5067,FALSE
5073,FALSE
5074,FALSE
5075,FALSE
5078,FALSE
5081,TRUE
5085,FALSE
5086,TRUE
5087,TRUE
5092,FALSE
5095,FALSE
5098,FALSE
5101,FALSE
5106,FALSE
5111,FALSE
5113,FALSE
5117,TRUE
5121,FALSE
5127,FALSE
5128,FALSE
5130,FALSE
5133,FALSE
5135,TRUE
5141,FALSE
5142,FALSE
5143,FALSE
5144,FALSE
5151,FALSE
5154,FALSE
5155,FALSE
5156,TRUE
5158,TRUE
5162,FALSE
5163,FALSE
5170,FALSE
5171,FALSE
5174,FALSE
5177,TRUE
5178,FALSE
5179,FALSE
5180,FALSE
5185,FALSE
5188,TRUE
5193,TRUE
5194,TRUE
5207,FALSE
5212,FALSE
5213,TRUE
5223,FALSE
5233,FALSE
5241,FALSE
5243,FALSE
5244,FALSE
5246,FALSE
5262,FALSE
5264,FALSE
5268,FALSE
5273,TRUE
5281,FALSE
5283,FALSE
5284,FALSE
5288,FALSE
5289,FALSE
5291,FALSE
5293,FALSE
5299,FALSE
5300,TRUE
5303,TRUE
5306,FALSE
5308,FALSE
5311,FALSE
5313,TRUE
5318,FALSE
5319,TRUE
5326,FALSE
5330,FALSE
5331,FALSE
5334,FALSE
5335,FALSE
5337,TRUE
5338,FALSE
5340,FALSE
5347,FALSE
5351,FALSE
5358,FALSE
5360,FALSE
5361,FALSE
5366,TRUE
5372,TRUE
5377,TRUE
5381,FALSE
5382,FALSE
5383,TRUE
5385,FALSE
5390,TRUE
5392,FALSE
5400,TRUE
5404,FALSE
5415,FALSE
5419,FALSE
5421,FALSE
5422,TRUE
5424,FALSE
5426,FALSE
5428,TRUE
5430,FALSE
5435,TRUE
5446,FALSE
5448,TRUE
5451,FALSE
5455,FALSE
5459,TRUE
5462,FALSE
5468,FALSE
5469,FALSE
5473,FALSE
5480,FALSE
5483,FALSE
5486,FALSE
5488,FALSE
5491,FALSE
5492,TRUE
5494,TRUE
5500,TRUE
5503,TRUE
5505,FALSE
5509,FALSE
5515,TRUE
5516,TRUE
5517,FALSE
5518,FALSE
5519,FALSE
5521,TRUE
5527,FALSE
5528,TRUE
5529,FALSE
5533,FALSE
5535,FALSE
5537,FALSE
5540,FALSE
5541,FALSE
5545,FALSE
5549,TRUE
5552,FALSE
5553,TRUE
5554,FALSE
5556,TRUE
5560,FALSE
5565,FALSE
5566,FALSE
5567,FALSE
5569,FALSE
5570,FALSE
5576,FALSE
5577,FALSE
5579,TRUE
5580,FALSE
5581,FALSE
5586,TRUE
5589,FALSE
5591,TRUE
5593,TRUE
5596,FALSE
5601,FALSE
5604,TRUE
5609,FALSE
5610,TRUE
5612,TRUE
5616,TRUE
5619,TRUE
5628,TRUE
5629,FALSE
5630,FALSE
5631,TRUE
5634,FALSE
5642,TRUE
5645,FALSE
5646,FALSE
5651,TRUE
5656,FALSE
5659,TRUE
5662,FALSE
5663,FALSE
5665,FALSE
5675,TRUE
5681,FALSE
5685,FALSE
5686,FALSE
5698,TRUE
5701,FALSE
5710,FALSE
5713,FALSE
5715,FALSE
5716,TRUE
5719,FALSE
5721,FALSE
5724,TRUE
5725,FALSE
5731,FALSE
5738,FALSE
5740,FALSE
5742,TRUE
5747,FALSE
5748,FALSE
5750,FALSE
5754,TRUE
5763,FALSE
5764,FALSE
5765,FALSE
5768,FALSE
5770,TRUE
5776,FALSE
5779,FALSE
5780,FALSE
5783,FALSE
5786,FALSE
5790,FALSE
5791,FALSE
5797,FALSE
5810,FALSE
5816,FALSE
5818,FALSE
5819,FALSE
5821,TRUE
5823,FALSE
5825,FALSE
5826,FALSE
5827,FALSE
5833,FALSE
5835,FALSE
5836,TRUE
5843,TRUE
5844,FALSE
5846,FALSE
5852,TRUE
5856,FALSE
5860,FALSE
5863,FALSE
5864,FALSE
5865,FALSE
5867,FALSE
5871,FALSE
5875,FALSE
5878,FALSE
5882,FALSE
5883,TRUE
5884,FALSE
5888,FALSE
5889,FALSE
5892,FALSE
5895,FALSE
5897,FALSE
5898,FALSE
5906,FALSE
5915,FALSE
5921,FALSE
5922,FALSE
5923,TRUE
5924,TRUE
5930,TRUE
5931,FALSE
5933,FALSE
5935,FALSE
5937,FALSE
5938,FALSE
5940,FALSE
5941,FALSE
5943,FALSE
5944,FALSE
5947,TRUE
5950,FALSE
5954,TRUE
5957,FALSE
5961,TRUE
5966,FALSE
5974,TRUE
5975,FALSE
5980,FALSE
5982,FALSE
5990,FALSE
5996,FALSE
5997,FALSE
5998,TRUE
6004,FALSE
6013,FALSE
6018,FALSE
6019,TRUE
6020,TRUE
6023,FALSE
6024,FALSE
6031,FALSE
6034,FALSE
6039,TRUE
6044,TRUE
6045,FALSE
6048,FALSE
6053,FALSE
6054,FALSE
6055,FALSE
6066,FALSE
6067,FALSE
6074,FALSE
6077,TRUE
6080,TRUE
6092,FALSE
6093,FALSE
6095,FALSE
6096,FALSE
6105,FALSE
6110,FALSE
6112,FALSE
6115,TRUE
6116,FALSE
6118,FALSE
6120,FALSE
6121,FALSE
6123,TRUE
6130,TRUE
6136,FALSE
6139,FALSE
6142,TRUE
6143,TRUE
6151,FALSE
6152,FALSE
6155,FALSE
6167,FALSE
6169,TRUE
6171,FALSE
6172,FALSE
6176,TRUE
6177,FALSE
6178,FALSE
6183,FALSE
6185,FALSE
6189,TRUE
6190,FALSE
6194,FALSE
6196,FALSE
6203,FALSE
6204,FALSE
6210,FALSE
6211,FALSE
6217,FALSE
6219,FALSE
6222,FALSE
6225,FALSE
6231,FALSE
6233,FALSE
6234,TRUE
6245,FALSE
6246,TRUE
6248,FALSE
6250,FALSE
6256,FALSE
6260,FALSE
6261,FALSE
6263,FALSE
6266,FALSE
6268,FALSE
6271,TRUE
6278,TRUE
6279,FALSE
6286,TRUE
6287,TRUE
6288,FALSE
6289,TRUE
6290,FALSE
6292,FALSE
6295,FALSE
6297,TRUE
6300,FALSE
6301,FALSE
6307,TRUE
6312,FALSE
6316,FALSE
6317,FALSE
6329,FALSE
6330,FALSE
6332,TRUE
6333,FALSE
6336,FALSE
6338,TRUE
6340,FALSE
6343,TRUE
6344,TRUE
6345,FALSE
6346,FALSE
6347,FALSE
6352,FALSE
6355,FALSE
6360,FALSE
6371,FALSE
6387,TRUE
6388,FALSE
6389,FALSE
6393,FALSE
6397,TRUE
6404,FALSE
6406,FALSE
6408,FALSE
6411,FALSE
6415,FALSE
6416,TRUE
6418,TRUE
6427,FALSE
6433,FALSE
6437,FALSE
6438,TRUE
6439,FALSE
6441,FALSE
6443,TRUE
6450,FALSE
6452,FALSE
6454,TRUE
6456,FALSE
6457,TRUE
6461,FALSE
6463,FALSE
6470,FALSE
6471,TRUE
6473,FALSE
6477,FALSE
6478,TRUE
6483,FALSE
6486,FALSE
6487,FALSE
6489,FALSE
6490,TRUE
6491,TRUE
6498,FALSE
6500,FALSE
6507,FALSE
6510,FALSE
6520,FALSE
6521,FALSE
6522,FALSE
6528,FALSE
6532,FALSE
6535,TRUE
6537,FALSE
6540,FALSE
6542,FALSE
6543,TRUE
6546,FALSE
6548,FALSE
6549,TRUE
6550,FALSE
6557,TRUE
6570,FALSE
6572,FALSE
6576,FALSE
6578,TRUE
6579,FALSE
6583,TRUE
6585,TRUE
6589,TRUE
6591,TRUE
6592,TRUE
6594,FALSE
6596,FALSE
6606,FALSE
6607,FALSE
6611,TRUE
6613,FALSE
6619,TRUE
6622,TRUE
6623,FALSE
6626,FALSE
6627,FALSE
6628,FALSE
6630,FALSE
6637,TRUE
6644,FALSE
6645,FALSE
6648,TRUE
6650,FALSE
6651,FALSE
6652,FALSE
6656,TRUE
6658,FALSE
6664,FALSE
6669,FALSE
6672,FALSE
6673,FALSE
6675,TRUE
6677,FALSE
6682,TRUE
6684,FALSE
6685,FALSE
6689,TRUE
6691,FALSE
6695,TRUE
6696,FALSE
6699,FALSE
6707,TRUE
6709,FALSE
6711,TRUE
6712,FALSE
6713,FALSE
6715,TRUE
6717,FALSE
6718,FALSE
6719,FALSE
6725,FALSE
6730,TRUE
6734,FALSE
6736,TRUE
6738,TRUE
6739,FALSE
6743,TRUE
6745,FALSE
6748,TRUE
6752,TRUE
6755,FALSE
6757,FALSE
6758,FALSE
6764,TRUE
6771,FALSE
6772,TRUE
6783,TRUE
6786,TRUE
6788,FALSE
6790,TRUE
6792,FALSE
6795,FALSE
6796,TRUE
6799,FALSE
6805,TRUE
6806,FALSE
6807,FALSE
6809,FALSE
6811,FALSE
6813,TRUE
6814,FALSE
6817,TRUE
6819,FALSE
6825,FALSE
6827,FALSE
6829,FALSE
6830,FALSE
6834,TRUE
6839,FALSE
6841,FALSE
6843,TRUE
6846,FALSE
6849,FALSE
6850,TRUE
6860,FALSE
6861,FALSE
6864,FALSE
6866,TRUE
6867,FALSE
6869,FALSE
6870,FALSE
6877,FALSE
6880,FALSE
6882,FALSE
6884,FALSE
6892,FALSE
6893,FALSE
6894,TRUE
6897,TRUE
6918,FALSE
6923,FALSE
6925,FALSE
6927,TRUE
6929,FALSE
6935,FALSE
6941,FALSE
6943,FALSE
6946,FALSE
6949,TRUE
6952,FALSE
6954,TRUE
6955,FALSE
6956,TRUE
6957,FALSE
6959,TRUE
6962,TRUE
6966,FALSE
6970,FALSE
6971,FALSE
6980,FALSE
6981,TRUE
6986,FALSE
6992,FALSE
6997,TRUE
7001,FALSE
7002,TRUE
7005,FALSE
7007,FALSE
7015,FALSE
7017,TRUE
7022,FALSE
7027,FALSE
7030,FALSE
7031,TRUE
7033,TRUE
7035,FALSE
7036,FALSE
7037,FALSE
7039,FALSE
7043,TRUE
7048,FALSE
7050,FALSE
7054,TRUE
7055,FALSE
7063,TRUE
7065,FALSE
7066,TRUE
7067,TRUE
7072,TRUE
7082,FALSE
7083,FALSE
7084,FALSE
7093,FALSE
7094,FALSE
7099,FALSE
7100,TRUE
7109,FALSE
7111,TRUE
7114,FALSE
7117,FALSE
7118,FALSE
7122,FALSE
7124,FALSE
7126,FALSE
7128,FALSE
7130,FALSE
7131,TRUE
7133,FALSE
7136,TRUE
7138,FALSE
7139,TRUE
7144,TRUE
7148,FALSE
7149,TRUE
7150,FALSE
7152,FALSE
7153,FALSE
7154,FALSE
7159,FALSE
7164,FALSE
7166,FALSE
7168,FALSE
7173,FALSE
7175,TRUE
7178,FALSE
7180,FALSE
7182,TRUE
7185,FALSE
7187,TRUE
7188,FALSE
7191,TRUE
7192,TRUE
7193,FALSE
7194,FALSE
7195,TRUE
7197,TRUE
7204,FALSE
7206,FALSE
7208,FALSE
7217,FALSE
7219,FALSE
7220,TRUE
7224,FALSE
7225,TRUE
7228,TRUE
7229,TRUE
7231,FALSE
7232,TRUE
7235,FALSE
7236,FALSE
7237,FALSE
7239,FALSE
7244,FALSE
7247,FALSE
7250,FALSE
7251,FALSE
7254,TRUE
7255,TRUE
7256,FALSE
7260,FALSE
7264,TRUE
7277,TRUE
7293,FALSE
7294,FALSE
7295,TRUE
7296,FALSE
7297,TRUE
7298,FALSE
7300,FALSE
7301,FALSE
7304,FALSE
7307,TRUE
7308,TRUE
7310,FALSE
7313,FALSE
7318,FALSE
7319,FALSE
7321,FALSE
7324,FALSE
7330,FALSE
7332,FALSE
7336,TRUE
7338,FALSE
7340,TRUE
7342,FALSE
7344,FALSE
7345,TRUE
7346,FALSE
7352,FALSE
7356,TRUE
7357,FALSE
7359,FALSE
7363,FALSE
7366,FALSE
7369,TRUE
7371,FALSE
7375,FALSE
7382,TRUE
7388,FALSE
7389,FALSE
7396,TRUE
7397,TRUE
7405,FALSE
7414,FALSE
7416,TRUE
7419,FALSE
7420,FALSE
7421,FALSE
7422,FALSE
7428,TRUE
7431,TRUE
7436,FALSE
7438,FALSE
7441,TRUE
7445,FALSE
7448,FALSE
7451,FALSE
7452,FALSE
7453,TRUE
7456,TRUE
7457,TRUE
7460,TRUE
7461,FALSE
7462,FALSE
7469,FALSE
7470,FALSE
7471,FALSE
7472,FALSE
7477,TRUE
7483,TRUE
7487,FALSE
7497,FALSE
7498,FALSE
7509,FALSE
7511,FALSE
7516,FALSE
7523,TRUE
7527,FALSE
7530,FALSE
7535,FALSE
7543,TRUE
7544,TRUE
7548,TRUE
7563,FALSE
7569,TRUE
7570,FALSE
7573,TRUE
7574,FALSE
7577,FALSE
7579,TRUE
7591,FALSE
7592,FALSE
7593,FALSE
7594,FALSE
7598,FALSE
7603,FALSE
7605,TRUE
7606,FALSE
7613,FALSE
7618,TRUE
7620,FALSE
7625,TRUE
7628,FALSE
7634,TRUE
7637,FALSE
7641,TRUE
7644,FALSE
7645,TRUE
7646,FALSE
7651,FALSE
7653,FALSE
7654,TRUE
7660,FALSE
7664,FALSE
7669,TRUE
7671,FALSE
7674,FALSE
7680,FALSE
7682,FALSE
7683,TRUE
7684,FALSE
7698,TRUE
7707,TRUE
7715,FALSE
7718,FALSE
7721,TRUE
7722,FALSE
7732,TRUE
7737,TRUE
7739,FALSE
7741,TRUE
7743,TRUE
7744,TRUE
7746,FALSE
7747,FALSE
7750,FALSE
7753,FALSE
7757,FALSE
7759,TRUE
7760,FALSE
7761,FALSE
7762,FALSE
7763,FALSE
7765,TRUE
7768,FALSE
7769,FALSE
7776,TRUE
7777,TRUE
7783,FALSE
7784,TRUE
7786,TRUE
7789,FALSE
7791,TRUE
7798,FALSE
7800,FALSE
7806,FALSE
7807,FALSE
7811,TRUE
7815,TRUE
7817,TRUE
7822,TRUE
7825,FALSE
7832,FALSE
7834,FALSE
7843,FALSE
7844,TRUE
7846,FALSE
7851,FALSE
7852,FALSE
7857,FALSE
7860,FALSE
7862,FALSE
7863,FALSE
7867,FALSE
7869,TRUE
7880,FALSE
7886,FALSE
7887,TRUE
7891,FALSE
7899,FALSE
7900,TRUE
7903,FALSE
7907,FALSE
7910,FALSE
7916,FALSE
7926,TRUE
7927,FALSE
7929,FALSE
7930,FALSE
7933,FALSE
7935,FALSE
7936,FALSE
7937,TRUE
7943,FALSE
7946,TRUE
7954,FALSE
7959,FALSE
7961,FALSE
7965,FALSE
7967,TRUE
7969,TRUE
7972,TRUE
7978,FALSE
7982,FALSE
7988,FALSE
7991,FALSE
7992,FALSE
7994,FALSE
8002,FALSE
8006,FALSE
8008,FALSE
8010,TRUE
8013,FALSE
8018,FALSE
8019,TRUE
8020,TRUE
8021,TRUE
8022,FALSE
8026,FALSE
8028,FALSE
8029,TRUE
8034,TRUE
8035,FALSE
8038,FALSE
8040,FALSE
8048,FALSE
8049,FALSE
8057,FALSE
8060,TRUE
8067,FALSE
8068,FALSE
8071,TRUE
8072,TRUE
8078,TRUE
8079,FALSE
8080,TRUE
8081,TRUE
8084,FALSE
8087,TRUE
8090,FALSE
8091,TRUE
8092,FALSE
8093,FALSE
8104,FALSE
8107,FALSE
8110,FALSE
8115,FALSE
8118,FALSE
8124,TRUE
8125,TRUE
8130,TRUE
8140,FALSE
8149,FALSE
8150,FALSE
8152,TRUE
8160,TRUE
8163,FALSE
8169,FALSE
8170,FALSE
8172,FALSE
8175,FALSE
8178,FALSE
8182,FALSE
8185,TRUE
8188,TRUE
8192,FALSE
8193,TRUE
8196,FALSE
8208,TRUE
8210,FALSE
8214,FALSE
8222,FALSE
8223,FALSE
8225,FALSE
8231,TRUE
8238,TRUE
8240,TRUE
8241,FALSE
8244,FALSE
8248,FALSE
8252,FALSE
8253,FALSE
8255,TRUE
8256,FALSE
8258,TRUE
8259,FALSE
8264,FALSE
8266,TRUE
8277,FALSE
8278,FALSE
8279,FALSE
8280,FALSE
8285,FALSE
8286,TRUE
8290,FALSE
8294,FALSE
8296,TRUE
8301,FALSE
8318,FALSE
8320,FALSE
8321,TRUE
8325,FALSE
8333,TRUE
8334,TRUE
8340,FALSE
8344,TRUE
8346,TRUE
8348,FALSE
8350,TRUE
8351,FALSE
8360,FALSE
8361,FALSE
8362,FALSE
8363,FALSE
8370,TRUE
8371,FALSE
8372,FALSE
8374,FALSE
8377,FALSE
8387,FALSE
8389,FALSE
8390,FALSE
8397,FALSE
8401,FALSE
8402,TRUE
8403,TRUE
8405,FALSE
8407,FALSE
8408,FALSE
8412,FALSE
8413,FALSE
8415,TRUE
8417,FALSE
8418,FALSE
8421,FALSE
8423,FALSE
8432,FALSE
8439,TRUE
8448,FALSE
8450,FALSE
8453,FALSE
8454,FALSE
8456,TRUE
8458,FALSE
8462,FALSE
8467,FALSE
8473,FALSE
8474,TRUE
8475,TRUE
8476,FALSE
8477,FALSE
8485,TRUE
8496,FALSE
8498,FALSE
8499,TRUE
8505,TRUE
8511,TRUE
8512,TRUE
8516,FALSE
8517,FALSE
8521,FALSE
8523,FALSE
8524,FALSE
8533,TRUE
8537,TRUE
8542,TRUE
8549,FALSE
8553,FALSE
8556,FALSE
8562,TRUE
8563,FALSE
8567,TRUE
8568,FALSE
8572,FALSE
8576,FALSE
8580,TRUE
8583,FALSE
8588,FALSE
8592,FALSE
8605,TRUE
8606,TRUE
8610,FALSE
8615,FALSE
8617,FALSE
8619,TRUE
8622,TRUE
8623,FALSE
8626,FALSE
8630,FALSE
8631,FALSE
8635,TRUE
8641,FALSE
8653,FALSE
8656,TRUE
8660,FALSE
8662,TRUE
8663,TRUE
8668,FALSE
8670,FALSE
8681,FALSE
8689,FALSE
8691,FALSE
8693,FALSE
8695,TRUE
8696,FALSE
8703,FALSE
8705,FALSE
8709,TRUE
8713,FALSE
8715,TRUE
8718,FALSE
8721,FALSE
8727,FALSE
8731,TRUE
8739,FALSE
8741,FALSE
8745,FALSE
8747,FALSE
8752,FALSE
8753,FALSE
8754,FALSE
8757,TRUE
8758,TRUE
8771,TRUE
8773,FALSE
8781,TRUE
8785,FALSE
8789,FALSE
8794,FALSE
8796,FALSE
8804,FALSE
8811,FALSE
8812,FALSE
8813,FALSE
8814,FALSE
8820,FALSE
8825,TRUE
8826,FALSE
8830,FALSE
8831,FALSE
8836,FALSE
8843,FALSE
8851,TRUE
8853,TRUE
8854,TRUE
8860,TRUE
8863,TRUE
8871,FALSE
8872,TRUE
8874,FALSE
8875,FALSE
8879,TRUE
8881,FALSE
8885,TRUE
8888,TRUE
8890,FALSE
8895,FALSE
8901,TRUE
8904,FALSE
8905,FALSE
8909,FALSE
8911,TRUE
8912,TRUE
8916,TRUE
8920,FALSE
8922,FALSE
8925,FALSE
8927,FALSE
8937,FALSE
8943,FALSE
8944,TRUE
8946,TRUE
8951,FALSE
8952,FALSE
8955,FALSE
8960,TRUE
8961,FALSE
8964,FALSE
8966,FALSE
8967,FALSE
8969,FALSE
8970,TRUE
8971,TRUE
8973,FALSE
8976,FALSE
8977,FALSE
8979,FALSE
8986,TRUE
8988,FALSE
8990,FALSE
8992,FALSE
8996,FALSE
9003,FALSE
9004,FALSE
9005,TRUE
9017,TRUE
9018,TRUE
9027,FALSE
9033,FALSE
9034,TRUE
9036,TRUE
9039,FALSE
9040,TRUE
9044,FALSE
9045,TRUE
9054,FALSE
9056,FALSE
9057,TRUE
9060,FALSE
9061,FALSE
9063,TRUE
9066,FALSE
9071,FALSE
9075,TRUE
9079,TRUE
9085,FALSE
9087,FALSE
9088,FALSE
9091,FALSE
9093,FALSE
9096,TRUE
9098,FALSE
9099,FALSE
9108,FALSE
9111,FALSE
9113,TRUE
9118,FALSE
9120,FALSE
9122,FALSE
9128,FALSE
9139,FALSE
9140,FALSE
9141,FALSE
9142,FALSE
9143,FALSE
9148,TRUE
9153,FALSE
9156,FALSE
9157,TRUE
9168,TRUE
9170,FALSE
9172,FALSE
9174,TRUE
9179,TRUE
9185,TRUE
9186,TRUE
9189,FALSE
9190,FALSE
9193,FALSE
9198,FALSE
9201,FALSE
9202,FALSE
9207,FALSE
9209,FALSE
9210,TRUE
9212,FALSE
9213,FALSE
9214,FALSE
9216,FALSE
9221,FALSE
9222,FALSE
9224,TRUE
9231,TRUE
9235,TRUE
9236,FALSE
9245,FALSE
9246,FALSE
9263,TRUE
9271,TRUE
9272,FALSE
9276,FALSE
9277,FALSE
9280,FALSE
9285,TRUE
9286,FALSE
9287,FALSE
9299,FALSE
9302,FALSE
9306,TRUE
9313,FALSE
9314,TRUE
9315,FALSE
9317,FALSE
9318,FALSE
9323,TRUE
9325,TRUE
9327,TRUE
9329,FALSE
9330,FALSE
9335,FALSE
9336,FALSE
9337,FALSE
9339,FALSE
9341,TRUE
9345,FALSE
9346,TRUE
9352,FALSE
9362,FALSE
9369,FALSE
9371,TRUE
9374,TRUE
9382,FALSE
9384,TRUE
9386,FALSE
9388,FALSE
9394,FALSE
9395,TRUE
9397,FALSE
9398,FALSE
9405,FALSE
9406,FALSE
9413,FALSE
9414,FALSE
9415,FALSE
9422,FALSE
9423,TRUE
9425,FALSE
9428,FALSE
9430,FALSE
9432,FALSE
9435,FALSE
9438,TRUE
9439,TRUE
9442,FALSE
9444,FALSE
9445,TRUE
9451,FALSE
9452,FALSE
9456,FALSE
9462,FALSE
9465,TRUE
9466,FALSE
9467,FALSE
9472,FALSE
9473,FALSE
9476,FALSE
9478,FALSE
9481,TRUE
9483,FALSE
9484,FALSE
9490,TRUE
9491,FALSE
9494,FALSE
9495,TRUE
9498,TRUE
9499,FALSE
9501,FALSE
9505,TRUE
9506,FALSE
9509,FALSE
9513,TRUE
9525,FALSE
9526,TRUE
9529,FALSE
9533,TRUE
9536,FALSE
9543,FALSE
9546,TRUE
9547,TRUE
9551,FALSE
9564,FALSE
9569,FALSE
9570,FALSE
9572,FALSE
9573,FALSE
9574,FALSE
9576,FALSE
9580,FALSE
9589,TRUE
9590,FALSE
9592,FALSE
9594,FALSE
9595,TRUE
9596,FALSE
9604,FALSE
9605,FALSE
9606,FALSE
9611,FALSE
9618,FALSE
9619,FALSE
9624,FALSE
9625,TRUE
9628,FALSE
9630,FALSE
9634,FALSE
9636,FALSE
9638,TRUE
9640,TRUE
9647,TRUE
9648,FALSE
9649,FALSE
9651,TRUE
9655,TRUE
9659,TRUE
9662,FALSE
9672,TRUE
9673,TRUE
9674,TRUE
9679,FALSE
9687,FALSE
9689,FALSE
9692,TRUE
9707,TRUE
9710,FALSE
9714,FALSE
9717,FALSE
9718,TRUE
9721,FALSE
9724,FALSE
9725,FALSE
9729,FALSE
9734,FALSE
9735,FALSE
9738,TRUE
9741,FALSE
9742,FALSE
9745,FALSE
9750,FALSE
9754,FALSE
9759,TRUE
9762,FALSE
9780,TRUE
9783,TRUE
9785,FALSE
9786,FALSE
9789,FALSE
9793,FALSE
9795,FALSE
9803,FALSE
9808,FALSE
9811,FALSE
9812,TRUE
9813,FALSE
9814,FALSE
9817,FALSE
9818,FALSE
9819,FALSE
9820,FALSE
9821,TRUE
9826,FALSE
9831,TRUE
9832,FALSE
9837,FALSE
9838,FALSE
9849,TRUE
9850,FALSE
9853,TRUE
9859,FALSE
9861,FALSE
9866,TRUE
9867,FALSE
9868,FALSE
9873,FALSE
9879,FALSE
9880,FALSE
9887,TRUE
9888,FALSE
9889,FALSE
9896,FALSE
9898,FALSE
9902,TRUE
9903,TRUE
9909,FALSE
9910,FALSE
9911,TRUE
9913,FALSE
9918,FALSE
9924,FALSE
9930,TRUE
9933,FALSE
9934,FALSE
9936,TRUE
9940,FALSE
9941,FALSE
9946,FALSE
9951,FALSE
9954,FALSE
9962,FALSE
9963,TRUE
9968,FALSE
9969,TRUE
9970,TRUE
9972,FALSE
9976,FALSE
9980,FALSE
9982,FALSE
9983,FALSE
9989,FALSE
9990,FALSE
9992,TRUE
9995,FALSE
9998,FALSE
10000,FALSE
10009,FALSE
10011,FALSE
10016,FALSE
10018,FALSE
10025,TRUE
10031,FALSE
10032,FALSE
10035,TRUE
10037,FALSE
10040,FALSE
10042,TRUE
10044,TRUE
10049,FALSE
10058,FALSE
10061,FALSE
10064,FALSE
10067,TRUE
10080,FALSE
10083,FALSE
10089,TRUE
10093,FALSE
10100,FALSE
10103,FALSE
10104,TRUE
10105,TRUE
10108,FALSE
10114,FALSE
10116,TRUE
10126,FALSE
10127,FALSE
10136,TRUE
10140,FALSE
10141,FALSE
10142,FALSE
10143,FALSE
10144,TRUE
10147,FALSE
10148,FALSE
10149,FALSE
10150,TRUE
10153,FALSE
10155,TRUE
10163,TRUE
10164,FALSE
10168,FALSE
10171,FALSE
10173,TRUE
10177,TRUE
10180,TRUE
10181,FALSE
10183,FALSE
10185,FALSE
10186,FALSE
10188,FALSE
10190,FALSE
10195,FALSE
10198,TRUE
10201,FALSE
10202,TRUE
10204,TRUE
10206,FALSE
10207,FALSE
10210,FALSE
10212,FALSE
10213,FALSE
10215,TRUE
10216,TRUE
10217,FALSE
10219,TRUE
10222,FALSE
10228,FALSE
10230,FALSE
10231,FALSE
10233,TRUE
10239,FALSE
10240,FALSE
10242,FALSE
10253,FALSE
10254,FALSE
10258,TRUE
10266,FALSE
10267,FALSE
10269,TRUE
10270,FALSE
10272,TRUE
10276,FALSE
10279,TRUE
10280,FALSE
10281,FALSE
10282,FALSE
10288,FALSE
10289,TRUE
10291,FALSE
10293,FALSE
10297,FALSE
10304,FALSE
10306,FALSE
10312,TRUE
10313,TRUE
10315,TRUE
10320,TRUE
10324,FALSE
10325,TRUE
10327,TRUE
10328,FALSE
10329,FALSE
10332,FALSE
10339,FALSE
10346,FALSE
10347,FALSE
10349,FALSE
10355,TRUE
10365,FALSE
10376,FALSE
10379,FALSE
10380,FALSE
10384,TRUE
10385,FALSE
10392,FALSE
10394,FALSE
10395,FALSE
10397,FALSE
10402,FALSE
10404,FALSE
10410,TRUE
10411,FALSE
10413,TRUE
10414,FALSE
10415,FALSE
10423,FALSE
10424,FALSE
10425,TRUE
10431,FALSE
10432,TRUE
10434,FALSE
10435,FALSE
10443,FALSE
10445,FALSE
10446,TRUE
10452,FALSE
10456,FALSE
10457,TRUE
10458,FALSE
10461,FALSE
10471,FALSE
10479,FALSE
10480,FALSE
10488,FALSE
10489,FALSE
10496,FALSE
10500,FALSE
10504,FALSE
10505,TRUE
10506,FALSE
10507,TRUE
10508,TRUE
10509,FALSE
10510,TRUE
10519,FALSE
10520,FALSE
10523,TRUE
10525,FALSE
10533,FALSE
10536,FALSE
10539,FALSE
10541,TRUE
10542,FALSE
10543,TRUE
10545,FALSE
10553,TRUE
10555,FALSE
10559,TRUE
10561,TRUE
10562,FALSE
10563,FALSE
10569,FALSE
10570,FALSE
10573,FALSE
10577,TRUE
10582,TRUE
10584,FALSE
10585,FALSE
10586,TRUE
10588,FALSE
10595,FALSE
10598,TRUE
10601,FALSE
10602,TRUE
10603,FALSE
10607,TRUE
10614,TRUE
10616,FALSE
10620,FALSE
10622,FALSE
10624,FALSE
10627,FALSE
10630,FALSE
10634,FALSE
10647,TRUE
10648,FALSE
10650,TRUE
10654,FALSE
10657,FALSE
10658,FALSE
10662,FALSE
10663,FALSE
10665,FALSE
10671,FALSE
10677,TRUE
10681,TRUE
10682,TRUE
10684,FALSE
10688,FALSE
10690,TRUE
10693,TRUE
10697,FALSE
10702,FALSE
10705,FALSE
10710,FALSE
10711,FALSE
10712,FALSE
10716,FALSE
10724,TRUE
10727,FALSE
10730,TRUE
10735,FALSE
10743,FALSE
10744,TRUE
10746,TRUE
10750,FALSE
10754,FALSE
10756,FALSE
10763,FALSE
10764,FALSE
10768,FALSE
10770,FALSE
10773,FALSE
10777,TRUE
10778,FALSE
10780,FALSE
10781,FALSE
10783,FALSE
10785,FALSE
10786,FALSE
10789,FALSE
10790,FALSE
10795,TRUE
10800,FALSE
10801,TRUE
10804,FALSE
10808,FALSE
10809,FALSE
10811,FALSE
10813,FALSE
10816,FALSE
10822,TRUE
10824,FALSE
10827,FALSE
10832,FALSE
10833,TRUE
10834,FALSE
10836,TRUE
10839,TRUE
10841,TRUE
10845,FALSE
10848,FALSE
10852,FALSE
10854,TRUE
10855,FALSE
10859,TRUE
10860,FALSE
10866,TRUE
10870,TRUE
10873,FALSE
10879,FALSE
10888,FALSE
10889,FALSE
10893,FALSE
10895,FALSE
10900,FALSE
10902,FALSE
10903,FALSE
10904,FALSE
10921,FALSE
10922,TRUE
10930,FALSE
10935,FALSE
10941,TRUE
10942,TRUE
10947,FALSE
10949,FALSE
10954,FALSE
10957,TRUE
10958,TRUE
10964,TRUE
10966,FALSE
10968,FALSE
10974,TRUE
10977,FALSE
10979,TRUE
10989,FALSE
10990,FALSE
10993,TRUE
10996,FALSE
10998,FALSE
11000,TRUE
11001,FALSE
11012,FALSE
11013,FALSE
11014,TRUE
11016,FALSE
11022,FALSE
11030,FALSE
11037,FALSE
11043,TRUE
11047,FALSE
11048,FALSE
11055,FALSE
11057,FALSE
11071,FALSE
11073,FALSE
11075,FALSE
11077,FALSE
11078,TRUE
11089,FALSE
11091,FALSE
11092,FALSE
11100,FALSE
11115,FALSE
11116,FALSE
11118,FALSE
11124,FALSE
11130,FALSE
11132,FALSE
11135,FALSE
11136,FALSE
11139,FALSE
11141,TRUE
11146,FALSE
11147,TRUE
11148,FALSE
11152,FALSE
11153,FALSE
11155,FALSE
11156,TRUE
11157,FALSE
11162,FALSE
11172,FALSE
11176,FALSE
11177,TRUE
11180,TRUE
11181,TRUE
11183,FALSE
11184,FALSE
11193,FALSE
11195,TRUE
11197,FALSE
11199,FALSE
11208,FALSE
11218,FALSE
11219,TRUE
11220,FALSE
11221,FALSE
11224,TRUE
11225,FALSE
11226,TRUE
11229,TRUE
11230,FALSE
11233,FALSE
11234,FALSE
11238,FALSE
11250,FALSE
11251,FALSE
11252,FALSE
11260,FALSE
11261,FALSE
11263,FALSE
11264,FALSE
11274,TRUE
11278,FALSE
11279,TRUE
11284,FALSE
11293,FALSE
11295,FALSE
11296,TRUE
11302,FALSE
11305,FALSE
11310,TRUE
11312,FALSE
11317,FALSE
11319,FALSE
11320,TRUE
11321,FALSE
11329,FALSE
11330,FALSE
11331,FALSE
11332,TRUE
11337,FALSE
11339,TRUE
11340,FALSE
11341,FALSE
11343,TRUE
11346,FALSE
11353,FALSE
11357,FALSE
11358,TRUE
11359,TRUE
11360,FALSE
11361,FALSE
11364,FALSE
11365,TRUE
11366,FALSE
11368,FALSE
11373,FALSE
11378,FALSE
11380,TRUE
11388,FALSE
11389,FALSE
11392,FALSE
11396,FALSE
11399,TRUE
11408,TRUE
11419,FALSE
11422,FALSE
11426,FALSE
11428,FALSE
11430,FALSE
11432,FALSE
11436,FALSE
11438,FALSE
11445,FALSE
11446,FALSE
11453,FALSE
11457,FALSE
11460,TRUE
11464,FALSE
11465,FALSE
11472,FALSE
11476,FALSE
11477,FALSE
11482,FALSE
11483,FALSE
11484,FALSE
11488,FALSE
11490,FALSE
11492,FALSE
11498,TRUE
11500,FALSE
11505,FALSE
11510,FALSE
11512,FALSE
11516,FALSE
11517,FALSE
11519,TRUE
11523,FALSE
11538,FALSE
11543,FALSE
11546,FALSE
11547,TRUE
11548,FALSE
11555,FALSE
11559,FALSE
11560,TRUE
11564,FALSE
11567,FALSE
11574,TRUE
11579,FALSE
11580,FALSE
11584,FALSE
11591,FALSE
11592,TRUE
11596,FALSE
11609,FALSE
11613,TRUE
11614,FALSE
11620,FALSE
11621,FALSE
11630,TRUE
11633,TRUE
11634,FALSE
11635,FALSE
11638,FALSE
11640,FALSE
11643,FALSE
11646,FALSE
11647,FALSE
11655,TRUE
11657,TRUE
11668,FALSE
11669,TRUE
11670,FALSE
11671,FALSE
11677,FALSE
11679,FALSE
11680,TRUE
11689,FALSE
11690,FALSE
11692,TRUE
11693,TRUE
11701,FALSE
11702,TRUE
11707,TRUE
11709,FALSE
11710,FALSE
11711,TRUE
11712,FALSE
11714,TRUE
11715,TRUE
11719,FALSE
11721,FALSE
11724,TRUE
11728,FALSE
11730,TRUE
11733,FALSE
11735,TRUE
11736,FALSE
11737,TRUE
11749,TRUE
11751,FALSE
11752,TRUE
11753,TRUE
11754,FALSE
11756,TRUE
11760,FALSE
11762,TRUE
11764,TRUE
11766,TRUE
11768,TRUE
11775,FALSE
11777,TRUE
11783,TRUE
11784,TRUE
11794,FALSE
11800,TRUE
11801,FALSE
11808,FALSE
11809,TRUE
11814,FALSE
11815,FALSE
11818,FALSE
11820,FALSE
11821,TRUE
11823,TRUE
11825,TRUE
11826,FALSE
11828,FALSE
11830,FALSE
11837,FALSE
11842,FALSE
11843,FALSE
11845,TRUE
11846,FALSE
11849,FALSE
11854,TRUE
11856,FALSE
11859,FALSE
11861,TRUE
11862,FALSE
11865,TRUE
11876,FALSE
11878,FALSE
11890,FALSE
11894,FALSE
11895,FALSE
11908,FALSE
11912,TRUE
11913,FALSE
11914,TRUE
11918,FALSE
11924,FALSE
11925,FALSE
11926,FALSE
11935,FALSE
11939,FALSE
11940,FALSE
11945,TRUE
11961,TRUE
11962,FALSE
11975,TRUE
11982,TRUE
11983,FALSE
11994,FALSE
11997,TRUE
11998,TRUE
12002,TRUE
12006,FALSE
12015,TRUE
12016,FALSE
12018,FALSE
12020,FALSE
12021,FALSE
12031,FALSE
12036,FALSE
12037,TRUE
12038,FALSE
12043,FALSE
12046,FALSE
12054,FALSE
12055,FALSE
12058,TRUE
12062,TRUE
12063,FALSE
12066,FALSE
12069,TRUE
12073,TRUE
12074,FALSE
12077,TRUE
12081,FALSE
12082,TRUE
12084,FALSE
12087,FALSE
12088,TRUE
12090,FALSE
12091,FALSE
12093,TRUE
12099,FALSE
12102,FALSE
12104,TRUE
12105,FALSE
12110,FALSE
12112,FALSE
12114,FALSE
12117,FALSE
12119,FALSE
12121,FALSE
12122,TRUE
12123,FALSE
12132,FALSE
12134,FALSE
12135,FALSE
12145,TRUE
12153,FALSE
12154,TRUE
12157,FALSE
12162,TRUE
12166,TRUE
12169,FALSE
12170,FALSE
12171,FALSE
12172,FALSE
12173,TRUE
12178,FALSE
12180,FALSE
12183,FALSE
12185,FALSE
12189,FALSE
12193,FALSE
12194,TRUE
12195,TRUE
12199,TRUE
12202,FALSE
12204,FALSE
12206,TRUE
12213,TRUE
12216,TRUE
12217,FALSE
12220,FALSE
12221,FALSE
12231,FALSE
12233,FALSE
12240,FALSE
12241,FALSE
12242,FALSE
12244,TRUE
12245,FALSE
12248,TRUE
12250,FALSE
12255,FALSE
12256,FALSE
12257,TRUE
12258,FALSE
12260,FALSE
12261,FALSE
12264,FALSE
12266,FALSE
12268,FALSE
12269,FALSE
12271,TRUE
12272,FALSE
12273,TRUE
12274,TRUE
12280,FALSE
12282,FALSE
12283,FALSE
12285,FALSE
12289,FALSE
12291,FALSE
12301,FALSE
12302,FALSE
12308,TRUE
12310,FALSE
12318,FALSE
12321,FALSE
12322,TRUE
12328,FALSE
12342,TRUE
12344,FALSE
12346,FALSE
12348,FALSE
12357,TRUE
12359,FALSE
12362,TRUE
12364,FALSE
12374,TRUE
12375,TRUE
12377,TRUE
12379,FALSE
12384,FALSE
12385,FALSE
12388,TRUE
12389,FALSE
12390,FALSE
12394,FALSE
12398,TRUE
12407,FALSE
12413,FALSE
12417,FALSE
12419,TRUE
12425,FALSE
12427,FALSE
12429,FALSE
12430,FALSE
12438,FALSE
12441,FALSE
12455,FALSE
12458,FALSE
12459,FALSE
12465,FALSE
12466,FALSE
12470,TRUE
12473,FALSE
12479,TRUE
12480,FALSE
12482,TRUE
12485,FALSE
12486,FALSE
12489,FALSE
12492,FALSE
12497,FALSE
12498,FALSE
12503,TRUE
12506,FALSE
12511,FALSE
12512,FALSE
12514,FALSE
12515,FALSE
12517,FALSE
12520,FALSE
12522,TRUE
12523,FALSE
12526,FALSE
12534,FALSE
12540,FALSE
12543,FALSE
12544,FALSE
12549,FALSE
12550,FALSE
12552,FALSE
12554,FALSE
12557,FALSE
12558,TRUE
12563,FALSE
12564,TRUE
12573,FALSE
12576,TRUE
12577,TRUE
12580,FALSE
12581,TRUE
12586,FALSE
12588,FALSE
12591,FALSE
12602,FALSE
12611,TRUE
12615,FALSE
12617,FALSE
12622,FALSE
12623,FALSE
12636,FALSE
12637,TRUE
12638,FALSE
12640,FALSE
12641,TRUE
12644,FALSE
12649,FALSE
12653,FALSE
12655,FALSE
12656,FALSE
12659,FALSE
12660,FALSE
12664,FALSE
12667,TRUE
12668,TRUE
12670,FALSE
12675,TRUE
12680,TRUE
12681,FALSE
12683,FALSE
12687,FALSE
12691,TRUE
12694,FALSE
12697,FALSE
12702,FALSE
12704,FALSE
12705,TRUE
12707,FALSE
12712,FALSE
12721,FALSE
12722,FALSE
12726,TRUE
12731,FALSE
12734,TRUE
12735,FALSE
12744,FALSE
12745,TRUE
12746,TRUE
12751,FALSE
12757,FALSE
12759,FALSE
12761,FALSE
12764,TRUE
12770,TRUE
12772,TRUE
12775,FALSE
12783,FALSE
12785,TRUE
12794,FALSE
12796,FALSE
12797,FALSE
12801,FALSE
12809,FALSE
12811,TRUE
12816,FALSE
12818,FALSE
12823,FALSE
12827,FALSE
12828,FALSE
12829,TRUE
12832,TRUE
12834,FALSE
12838,FALSE
12839,FALSE
12840,FALSE
12843,TRUE
12846,FALSE
12852,FALSE
12857,FALSE
12860,FALSE
12868,FALSE
12870,TRUE
12874,TRUE
12875,TRUE
12878,FALSE
12879,FALSE
12885,FALSE
12888,TRUE
12889,FALSE
12893,FALSE
12894,FALSE
12905,FALSE
12906,TRUE
12908,FALSE
12917,TRUE
12922,FALSE
12924,TRUE
12926,FALSE
12927,FALSE
12936,FALSE
12937,FALSE
12944,FALSE
12949,TRUE
12950,TRUE
12958,FALSE
12960,FALSE
12972,FALSE
12977,TRUE
12983,FALSE
12985,FALSE
12986,FALSE
12989,FALSE
12999,FALSE
13001,FALSE
13006,FALSE
13009,FALSE
13010,TRUE
13012,FALSE
13013,FALSE
13014,FALSE
13016,TRUE
13025,FALSE
13026,FALSE
13027,TRUE
13034,FALSE
13037,TRUE
13041,TRUE
13045,TRUE
13046,FALSE
13053,TRUE
13056,FALSE
13058,FALSE
13064,FALSE
13065,FALSE
13066,FALSE
13067,FALSE
13068,FALSE
13069,TRUE
13073,FALSE
13076,TRUE
13080,FALSE
13081,FALSE
13084,TRUE
13086,TRUE
13089,FALSE
13097,FALSE
13100,TRUE
13103,FALSE
13108,FALSE
13112,FALSE
13113,FALSE
13114,TRUE
13122,FALSE
13124,FALSE
13125,TRUE
13127,FALSE
13128,TRUE
13130,FALSE
13133,FALSE
13138,TRUE
13140,FALSE
13141,FALSE
13144,FALSE
13145,FALSE
13154,FALSE
13158,FALSE
13160,FALSE
13163,TRUE
13174,FALSE
13177,TRUE
13183,FALSE
13185,TRUE
13186,FALSE
13187,FALSE
13189,TRUE
13193,FALSE
13197,FALSE
13199,FALSE
13204,FALSE
13206,FALSE
13207,FALSE
13216,TRUE
13217,FALSE
13220,FALSE
13222,TRUE
13224,TRUE
13225,TRUE
13226,TRUE
13229,TRUE
13236,FALSE
13257,FALSE
13261,FALSE
13262,FALSE
13266,FALSE
13267,TRUE
13270,FALSE
13272,TRUE
13274,TRUE
13275,TRUE
13276,FALSE
13279,TRUE
13280,FALSE
13285,TRUE
13288,TRUE
13297,FALSE
13298,FALSE
13299,TRUE
13300,FALSE
13304,TRUE
13305,TRUE
13308,FALSE
13311,TRUE
13319,FALSE
13324,TRUE
13325,FALSE
13330,TRUE
13332,FALSE
13338,FALSE
13339,FALSE
13341,FALSE
13344,FALSE
13353,FALSE
13365,FALSE
13367,TRUE
13381,TRUE
13382,TRUE
13386,FALSE
13392,TRUE
13393,FALSE
13397,FALSE
13401,FALSE
13404,TRUE
13406,TRUE
13408,FALSE
13412,TRUE
13414,FALSE
13417,FALSE
13419,FALSE
13426,FALSE
13429,FALSE
13439,TRUE
13444,FALSE
13448,FALSE
13454,TRUE
13455,FALSE
13457,FALSE
13459,FALSE
13461,TRUE
13464,TRUE
13469,FALSE
13471,FALSE
13472,FALSE
13473,TRUE
13474,FALSE
13476,TRUE
13480,FALSE
13482,TRUE
13488,TRUE
13489,TRUE
13495,FALSE
13505,FALSE
13506,TRUE
13515,TRUE
13517,FALSE
13520,TRUE
13523,TRUE
13525,FALSE
13526,FALSE
13529,TRUE
13533,FALSE
13536,FALSE
13544,TRUE
13548,TRUE
13549,FALSE
13555,FALSE
13562,FALSE
13566,FALSE
13568,FALSE
13573,FALSE
13577,TRUE
13578,FALSE
13580,FALSE
13585,FALSE
13586,FALSE
13588,TRUE
13590,FALSE
13591,TRUE
13592,TRUE
13593,FALSE
13595,FALSE
13602,FALSE
13603,FALSE
13608,FALSE
13609,FALSE
13613,TRUE
13617,TRUE
13619,FALSE
13621,FALSE
13626,TRUE
13627,FALSE
13628,FALSE
13629,FALSE
13630,TRUE
13632,FALSE
13634,FALSE
13635,FALSE
13641,FALSE
13643,FALSE
13646,FALSE
13650,FALSE
13654,FALSE
13658,FALSE
13660,FALSE
13662,FALSE
13665,FALSE
13670,FALSE
13671,FALSE
13674,FALSE
13675,TRUE
13676,FALSE
13678,FALSE
13684,TRUE
13685,FALSE
13687,FALSE
13696,FALSE
13700,FALSE
13701,FALSE
13702,FALSE
13703,TRUE
13704,FALSE
13710,FALSE
13712,FALSE
13715,FALSE
13720,FALSE
13721,TRUE
13722,TRUE
13724,TRUE
13729,FALSE
13735,TRUE
13736,FALSE
13742,FALSE
13744,FALSE
13747,FALSE
13748,FALSE
13751,FALSE
13754,TRUE
13759,FALSE
13764,TRUE
13765,FALSE
13767,TRUE
13768,TRUE
13769,FALSE
13771,FALSE
13772,FALSE
13773,FALSE
13774,FALSE
13777,TRUE
13780,FALSE
13782,FALSE
13783,TRUE
13792,TRUE
13793,FALSE
13797,FALSE
13800,FALSE
13802,TRUE
13803,FALSE
13808,FALSE
13813,FALSE
13814,FALSE
13816,TRUE
13817,FALSE
13821,FALSE
13827,FALSE
13828,FALSE
13830,FALSE
13835,FALSE
13839,FALSE
13841,FALSE
13846,FALSE
13847,FALSE
13850,FALSE
13852,FALSE
13854,FALSE
13855,FALSE
13858,FALSE
13859,TRUE
13860,FALSE
13864,TRUE
13866,FALSE
13876,TRUE
13879,FALSE
13884,FALSE
13886,FALSE
13890,FALSE
13892,TRUE
13897,FALSE
13898,FALSE
13901,TRUE
13906,FALSE
13909,FALSE
13912,TRUE
13913,FALSE
13917,FALSE
13919,FALSE
13921,TRUE
13922,TRUE
13923,TRUE
13924,TRUE
13926,FALSE
13928,TRUE
13931,FALSE
13932,TRUE
13934,TRUE
13937,FALSE
13942,TRUE
13945,FALSE
13947,TRUE
13948,FALSE
13950,FALSE
13960,FALSE
13966,TRUE
13972,FALSE
13973,FALSE
13976,FALSE
13977,TRUE
13978,FALSE
13980,TRUE
13981,FALSE
13984,FALSE
13985,FALSE
13987,FALSE
13988,FALSE
13994,FALSE
13997,FALSE
14002,TRUE
14006,FALSE
14008,FALSE
14009,FALSE
14013,FALSE
14016,FALSE
14018,FALSE
14021,TRUE
14022,FALSE
14027,TRUE
14029,TRUE
14032,TRUE
14033,FALSE
14043,FALSE
14046,TRUE
14053,TRUE
14056,TRUE
14059,FALSE
14064,FALSE
14067,FALSE
14068,TRUE
14069,FALSE
14074,TRUE
14075,TRUE
14077,FALSE
14078,TRUE
14081,FALSE
14089,FALSE
14092,FALSE
14094,FALSE
14097,TRUE
14100,TRUE
14104,FALSE
14107,FALSE
14108,TRUE
14110,TRUE
14112,FALSE
14113,FALSE
14114,TRUE
14115,FALSE
14117,TRUE
14118,FALSE
14122,TRUE
14130,FALSE
14135,TRUE
14136,TRUE
14137,FALSE
14144,FALSE
14147,FALSE
14148,FALSE
14149,FALSE
14152,FALSE
14153,TRUE
14163,FALSE
14164,TRUE
14175,FALSE
14177,FALSE
14180,FALSE
14182,TRUE
14184,FALSE
14187,FALSE
14188,FALSE
14190,TRUE
14192,TRUE
14216,FALSE
14222,FALSE
14224,TRUE
14228,FALSE
14239,FALSE
14240,FALSE
14242,TRUE
14243,TRUE
14244,TRUE
14249,TRUE
14253,FALSE
14256,TRUE
14261,FALSE
14268,FALSE
14285,FALSE
14286,FALSE
14292,TRUE
14293,FALSE
14297,FALSE
14298,FALSE
14301,FALSE
14302,TRUE
14303,FALSE
14307,TRUE
14308,FALSE
14313,TRUE
14315,TRUE
14319,TRUE
14320,FALSE
14322,FALSE
14323,FALSE
14324,FALSE
14326,FALSE
14329,TRUE
14330,TRUE
14338,TRUE
14343,FALSE
14351,FALSE
14353,FALSE
14369,FALSE
14372,TRUE
14376,FALSE
14385,FALSE
14389,FALSE
14392,TRUE
14395,FALSE
14396,FALSE
14397,FALSE
14399,TRUE
14403,TRUE
14404,FALSE
14406,FALSE
14407,TRUE
14408,FALSE
14413,FALSE
14415,FALSE
14417,FALSE
14421,TRUE
14426,FALSE
14428,TRUE
14431,FALSE
14434,FALSE
14437,FALSE
14439,TRUE
14442,TRUE
14444,FALSE
14447,FALSE
14450,FALSE
14452,FALSE
14457,TRUE
14458,TRUE
14461,FALSE
14462,FALSE
14464,FALSE
14469,TRUE
14474,FALSE
14476,TRUE
14478,FALSE
14479,FALSE
14480,TRUE
14481,FALSE
14484,FALSE
14486,FALSE
14487,FALSE
14500,FALSE
14501,TRUE
14502,FALSE
14507,FALSE
14512,FALSE
14517,TRUE
14523,FALSE
14526,FALSE
14531,TRUE
14534,TRUE
14542,FALSE
14544,FALSE
14545,TRUE
14548,FALSE
14564,FALSE
14569,TRUE
14570,TRUE
14571,FALSE
14572,FALSE
14575,TRUE
14576,TRUE
14577,TRUE
14579,FALSE
14582,FALSE
14583,FALSE
14585,TRUE
14587,FALSE
14589,FALSE
14596,FALSE
14601,TRUE
14610,FALSE
14612,FALSE
14615,TRUE
14622,FALSE
14624,TRUE
14625,FALSE
14626,TRUE
14627,FALSE
14630,FALSE
14631,FALSE
14633,FALSE
14637,FALSE
14638,FALSE
14655,TRUE
14661,FALSE
14665,FALSE
14670,FALSE
14685,FALSE
14687,FALSE
14690,FALSE
14692,FALSE
14695,TRUE
14697,FALSE
14699,FALSE
14702,TRUE
14703,FALSE
14704,TRUE
14712,FALSE
14721,FALSE
14724,TRUE
14729,FALSE
14736,FALSE
14745,FALSE
14749,FALSE
14750,TRUE
14753,TRUE
14755,FALSE
14756,TRUE
14758,TRUE
14762,FALSE
14763,FALSE
14764,FALSE
14771,FALSE
14772,TRUE
14780,FALSE
14782,FALSE
14787,FALSE
14793,FALSE
14797,FALSE
14799,FALSE
14800,FALSE
14807,FALSE
14816,FALSE
14820,FALSE
14823,FALSE
14830,TRUE
14834,FALSE
14836,TRUE
14837,TRUE
14841,FALSE
14847,TRUE
14849,FALSE
14852,FALSE
14854,FALSE
14855,FALSE
14859,TRUE
14863,TRUE
14865,FALSE
14866,FALSE
14869,FALSE
14872,FALSE
14873,FALSE
14875,TRUE
14876,FALSE
14878,TRUE
14881,FALSE
14882,FALSE
14883,TRUE
14884,FALSE
14887,FALSE
14889,FALSE
14893,FALSE
14894,FALSE
14911,FALSE
14916,FALSE
14917,FALSE
14919,TRUE
14921,FALSE
14927,FALSE
14929,FALSE
14932,FALSE
14933,TRUE
14935,FALSE
14937,TRUE
14948,TRUE
14957,FALSE
14958,TRUE
14961,FALSE
14970,FALSE
14976,TRUE
14982,FALSE
14983,FALSE
14987,FALSE
14990,FALSE
14992,FALSE
14998,TRUE
14999,FALSE
15000,FALSE
15001,FALSE
15003,FALSE
15006,FALSE
15011,TRUE
15012,TRUE
15013,FALSE
15021,TRUE
15022,TRUE
15023,FALSE
15027,TRUE
15030,FALSE
15040,FALSE
15046,FALSE
15048,TRUE
15051,TRUE
15054,TRUE
15058,FALSE
15064,TRUE
15066,TRUE
15069,FALSE
15075,FALSE
15079,TRUE
15080,TRUE
15089,FALSE
15091,TRUE
15094,TRUE
15098,FALSE
15110,FALSE
15115,FALSE
15117,TRUE
15120,FALSE
15121,FALSE
15122,FALSE
15124,TRUE
15127,FALSE
15129,FALSE
15131,FALSE
15133,FALSE
15136,FALSE
15140,FALSE
15141,FALSE
15149,FALSE
15150,FALSE
15152,FALSE
15153,TRUE
15154,FALSE
15155,FALSE
15159,FALSE
15160,FALSE
15162,TRUE
15164,TRUE
15178,FALSE
15180,TRUE
15182,FALSE
15185,FALSE
15191,FALSE
15194,FALSE
15195,FALSE
15198,TRUE
15202,TRUE
15203,TRUE
15208,TRUE
15209,TRUE
15212,FALSE
15219,FALSE
15222,FALSE
15235,FALSE
15238,FALSE
15239,TRUE
15245,FALSE
15246,FALSE
15250,FALSE
15251,FALSE
15257,FALSE
15258,FALSE
15266,TRUE
15271,FALSE
15272,FALSE
15273,TRUE
15275,TRUE
15276,FALSE
15279,FALSE
15286,FALSE
15288,TRUE
15290,TRUE
15300,TRUE
15310,FALSE
15316,TRUE
15317,FALSE
15319,TRUE
15324,FALSE
15326,TRUE
15327,FALSE
15328,TRUE
15331,FALSE
15333,FALSE
15337,FALSE
15340,FALSE
15342,FALSE
15347,TRUE
15351,FALSE
15353,FALSE
15354,TRUE
15355,FALSE
15356,FALSE
15358,TRUE
15359,FALSE
15362,FALSE
15364,FALSE
15368,TRUE
15369,FALSE
15370,FALSE
15372,TRUE
15377,FALSE
15381,FALSE
15383,FALSE
15385,TRUE
15386,FALSE
15391,FALSE
15392,FALSE
15394,FALSE
15395,TRUE
15398,FALSE
15402,TRUE
15407,FALSE
15415,FALSE
15417,FALSE
15423,FALSE
15426,TRUE
15429,FALSE
15439,FALSE
15444,FALSE
15448,TRUE
15454,FALSE
15455,FALSE
15459,FALSE
15462,FALSE
15466,FALSE
15467,FALSE
15468,FALSE
15470,TRUE
15473,FALSE
15476,FALSE
15479,FALSE
15480,FALSE
15481,TRUE
15483,FALSE
15490,TRUE
15492,FALSE
15495,FALSE
15499,FALSE
15502,FALSE
15506,FALSE
15514,FALSE
15530,FALSE
15536,FALSE
15538,FALSE
15541,TRUE
15549,TRUE
15553,FALSE
15565,TRUE
15580,FALSE
15584,FALSE
15590,FALSE
15597,FALSE
15601,FALSE
15603,TRUE
15605,TRUE
15614,FALSE
15619,TRUE
15622,FALSE
15624,FALSE
15630,FALSE
15632,TRUE
15633,TRUE
15636,TRUE
15639,TRUE
15642,FALSE
15643,TRUE
15655,FALSE
15656,FALSE
15663,FALSE
15664,FALSE
15665,FALSE
15668,FALSE
15669,TRUE
15676,FALSE
15679,FALSE
15680,TRUE
15687,FALSE
15690,TRUE
15692,FALSE
15695,TRUE
15701,FALSE
15703,FALSE
15706,FALSE
15707,FALSE
15710,FALSE
15712,FALSE
15714,FALSE
15716,TRUE
15720,FALSE
15721,TRUE
15731,FALSE
15732,FALSE
15734,FALSE
15736,FALSE
15744,FALSE
15758,FALSE
15760,FALSE
15761,FALSE
15763,FALSE
15764,FALSE
15766,FALSE
15767,FALSE
15769,FALSE
15770,TRUE
15771,FALSE
15773,TRUE
15774,FALSE
15781,FALSE
15783,FALSE
15788,TRUE
15797,TRUE
15806,FALSE
15808,FALSE
15809,FALSE
15815,FALSE
15820,FALSE
15823,FALSE
15824,FALSE
15830,FALSE
15831,TRUE
15839,FALSE
15843,FALSE
15854,TRUE
15855,TRUE
15856,FALSE
15857,FALSE
15862,FALSE
15863,TRUE
15865,FALSE
15875,TRUE
15878,FALSE
15879,TRUE
15887,FALSE
15888,FALSE
15891,FALSE
15895,FALSE
15896,FALSE
15897,FALSE
15899,FALSE
15901,FALSE
15903,TRUE
15905,TRUE
15906,FALSE
15908,FALSE
15919,TRUE
15920,FALSE
15924,FALSE
15926,FALSE
15929,TRUE
15932,FALSE
15933,FALSE
15938,FALSE
15947,TRUE
15949,FALSE
15951,FALSE
15952,FALSE
15953,FALSE
15954,FALSE
15960,TRUE
15961,FALSE
15966,FALSE
15969,FALSE
15972,FALSE
15975,TRUE
15985,FALSE
15987,FALSE
15995,FALSE
15999,FALSE
16000,FALSE
16002,FALSE
16005,FALSE
16008,FALSE
16010,TRUE
16015,FALSE
16016,FALSE
16019,FALSE
16021,FALSE
16024,TRUE
16025,TRUE
16028,FALSE
16030,FALSE
16032,FALSE
16034,FALSE
16035,FALSE
16036,FALSE
16037,FALSE
16047,FALSE
16049,FALSE
16052,TRUE
16057,FALSE
16059,FALSE
16060,FALSE
16064,FALSE
16070,FALSE
16080,TRUE
16081,TRUE
16089,TRUE
16101,TRUE
16107,TRUE
16109,FALSE
16111,FALSE
16112,FALSE
16113,TRUE
16114,TRUE
16119,FALSE
16120,FALSE
16128,FALSE
16129,FALSE
16131,FALSE
16136,FALSE
16137,FALSE
16139,FALSE
16141,TRUE
16145,FALSE
16148,FALSE
16150,FALSE
16152,TRUE
16154,TRUE
16155,FALSE
16158,FALSE
16161,FALSE
16168,FALSE
16170,FALSE
16176,FALSE
16177,TRUE
16179,FALSE
16182,TRUE
16184,TRUE
16185,FALSE
16187,FALSE
16188,FALSE
16189,TRUE
16192,FALSE
16198,TRUE
16199,FALSE
16202,FALSE
16206,FALSE
16207,TRUE
16209,FALSE
16210,FALSE
16213,TRUE
16214,FALSE
16215,TRUE
16222,FALSE
16225,TRUE
16227,FALSE
16237,FALSE
16239,FALSE
16254,FALSE
16257,FALSE
16260,TRUE
16267,TRUE
16268,FALSE
16271,FALSE
16276,TRUE
16279,FALSE
16280,FALSE
16294,FALSE
16299,FALSE
16306,FALSE
16307,TRUE
16308,FALSE
16310,FALSE
16324,TRUE
16326,TRUE
16329,FALSE
16335,FALSE
16336,TRUE
16341,FALSE
16342,FALSE
16346,TRUE
16347,FALSE
16350,FALSE
16352,FALSE
16359,FALSE
16360,FALSE
16365,FALSE
16366,FALSE
16369,TRUE
16383,TRUE
16385,FALSE
16387,FALSE
16395,TRUE
16398,TRUE
16400,FALSE
16402,FALSE
16407,FALSE
16408,FALSE
16411,TRUE
16412,FALSE
16415,FALSE
16419,FALSE
16421,FALSE
16426,FALSE
16432,FALSE
16436,TRUE
16438,TRUE
16448,FALSE
16451,FALSE
16452,FALSE
16454,FALSE
16456,FALSE
16457,FALSE
16458,FALSE
16460,FALSE
16465,FALSE
16466,FALSE
16468,FALSE
16469,FALSE
16474,FALSE
16475,TRUE
16476,FALSE
16478,TRUE
16481,FALSE
16482,FALSE
16483,FALSE
16484,FALSE
16489,FALSE
16492,FALSE
16499,FALSE
16501,FALSE
16505,FALSE
16506,FALSE
16509,FALSE
16514,FALSE
16516,FALSE
16517,FALSE
16520,FALSE
16522,TRUE
16523,FALSE
16525,TRUE
16529,FALSE
16531,FALSE
16538,FALSE
16541,FALSE
16547,FALSE
16552,TRUE
16555,FALSE
16558,FALSE
16560,FALSE
16563,FALSE
16565,FALSE
16566,FALSE
16568,FALSE
16571,TRUE
16572,FALSE
16575,TRUE
16584,TRUE
16585,FALSE
16587,TRUE
16588,FALSE
16589,FALSE
16598,FALSE
16601,TRUE
16605,FALSE
16607,FALSE
16611,FALSE
16614,FALSE
16623,FALSE
16629,FALSE
16631,FALSE
16637,TRUE
16638,TRUE
16642,FALSE
16646,FALSE
16649,FALSE
16658,FALSE
16669,FALSE
16670,TRUE
16672,TRUE
16674,TRUE
16677,FALSE
16678,FALSE
16685,FALSE
16686,FALSE
16691,TRUE
16696,FALSE
16700,FALSE
16702,FALSE
16703,FALSE
16705,TRUE
16707,FALSE
16712,FALSE
16714,FALSE
16715,TRUE
16716,TRUE
16719,FALSE
16721,FALSE
16726,FALSE
16728,FALSE
16733,FALSE
16736,TRUE
16742,FALSE
16745,FALSE
16752,TRUE
16756,FALSE
16759,TRUE
16767,FALSE
16771,FALSE
16773,TRUE
16779,FALSE
16784,FALSE
16787,FALSE
16790,FALSE
16793,FALSE
16797,FALSE
16806,FALSE
16807,FALSE
16812,FALSE
16822,FALSE
16826,TRUE
16827,TRUE
16829,FALSE
16836,FALSE
16838,FALSE
16840,TRUE
16845,FALSE
16847,FALSE
16852,FALSE
16854,FALSE
16856,FALSE
16860,TRUE
16862,FALSE
16865,FALSE
16871,FALSE
16881,FALSE
16883,TRUE
16884,TRUE
16885,FALSE
16888,FALSE
16889,FALSE
16890,FALSE
16891,FALSE
16892,FALSE
16900,FALSE
16905,FALSE
16906,TRUE
16908,FALSE
16909,FALSE
16910,FALSE
16914,FALSE
16917,FALSE
16918,FALSE
16919,TRUE
16920,TRUE
16930,TRUE
16935,TRUE
16938,FALSE
16942,FALSE
16945,FALSE
16948,FALSE
16950,FALSE
16958,FALSE
16959,FALSE
16967,TRUE
16969,TRUE
16971,FALSE
16976,FALSE
16977,FALSE
16981,TRUE
16983,TRUE
16985,FALSE
16986,TRUE
16994,TRUE
16997,TRUE
16998,FALSE
17002,TRUE
17004,TRUE
17007,FALSE
17011,FALSE
17012,TRUE
17023,TRUE
17025,TRUE
17027,FALSE
17028,TRUE
17038,TRUE
17039,TRUE
17041,FALSE
17044,FALSE
17046,TRUE
17054,FALSE
17055,TRUE
17056,FALSE
17059,TRUE
17061,TRUE
17064,FALSE
17065,FALSE
17067,FALSE
17068,FALSE
17069,TRUE
17071,TRUE
17075,TRUE
17076,FALSE
17083,FALSE
17088,FALSE
17091,FALSE
17096,FALSE
17099,FALSE
17101,FALSE
17102,FALSE
17103,FALSE
17108,FALSE
17109,FALSE
17110,TRUE
17114,FALSE
17115,FALSE
17118,TRUE
17123,FALSE
17125,FALSE
17129,FALSE
17130,TRUE
17131,FALSE
17134,TRUE
17140,TRUE
17142,FALSE
17148,FALSE
17149,FALSE
17153,FALSE
17158,FALSE
17159,FALSE
17163,TRUE
17165,FALSE
17169,TRUE
17171,FALSE
17177,FALSE
17179,FALSE
17181,FALSE
17185,TRUE
17189,FALSE
17190,FALSE
17193,TRUE
17197,TRUE
17201,FALSE
17202,TRUE
17204,TRUE
17205,TRUE
17208,FALSE
17214,FALSE
17216,TRUE
17218,FALSE
17220,TRUE
17225,FALSE
17226,FALSE
17229,FALSE
17233,TRUE
17234,TRUE
17235,FALSE
17238,FALSE
17240,FALSE
17241,TRUE
17249,FALSE
17251,FALSE
17259,FALSE
17260,TRUE
17261,FALSE
17262,FALSE
17263,FALSE
17264,FALSE
17266,FALSE
17270,FALSE
17275,FALSE
17276,FALSE
17277,FALSE
17279,FALSE
17280,FALSE
17286,FALSE
17289,FALSE
17290,FALSE
17291,TRUE
17300,FALSE
17304,TRUE
17306,FALSE
17310,FALSE
17311,FALSE
17312,FALSE
17313,FALSE
17315,FALSE
17316,FALSE
17319,TRUE
17320,FALSE
17324,TRUE
17326,FALSE
17327,TRUE
17328,TRUE
17329,FALSE
17338,FALSE
17347,FALSE
17348,FALSE
17349,TRUE
17350,TRUE
17365,FALSE
17367,FALSE
17371,TRUE
17373,FALSE
17378,FALSE
17379,FALSE
17380,FALSE
17382,TRUE
17386,FALSE
17387,FALSE
17388,FALSE
17390,FALSE
17392,FALSE
17393,FALSE
17395,TRUE
17396,FALSE
17398,TRUE
17406,FALSE
17413,FALSE
17415,FALSE
17417,TRUE
17421,FALSE
17422,FALSE
17424,FALSE
17430,TRUE
17432,TRUE
17436,FALSE
17444,FALSE
17448,TRUE
17450,FALSE
17451,FALSE
17454,FALSE
17455,FALSE
17459,TRUE
17461,FALSE
17465,FALSE
17467,TRUE
17473,FALSE
17475,FALSE
17479,FALSE
17480,FALSE
17482,FALSE
17486,FALSE
17487,FALSE
17491,FALSE
17492,FALSE
17499,FALSE
17502,FALSE
17503,TRUE
17504,FALSE
17507,FALSE
17508,FALSE
17509,FALSE
17510,FALSE
17513,FALSE
17519,TRUE
17522,FALSE
17523,FALSE
17524,FALSE
17525,FALSE
17530,TRUE
17533,FALSE
17534,FALSE
17535,FALSE
17537,TRUE
17538,FALSE
17543,FALSE
17548,FALSE
17552,TRUE
17553,FALSE
17556,FALSE
17557,FALSE
17558,FALSE
17560,FALSE
17561,FALSE
17563,FALSE
17564,FALSE
17566,FALSE
17567,TRUE
17569,FALSE
17571,FALSE
17572,FALSE
17575,TRUE
17579,FALSE
17581,TRUE
17585,FALSE
17586,FALSE
17588,FALSE
17594,TRUE
17605,FALSE
17606,TRUE
17607,FALSE
17608,FALSE
17616,TRUE
17617,FALSE
17618,TRUE
17619,FALSE
17626,FALSE
17632,FALSE
17636,FALSE
17638,FALSE
17640,FALSE
17644,FALSE
17650,FALSE
17662,FALSE
17663,TRUE
17665,FALSE
17668,FALSE
17670,FALSE
17673,FALSE
17682,FALSE
17683,FALSE
17690,TRUE
17692,TRUE
17694,TRUE
17696,FALSE
17698,FALSE
17701,FALSE
17703,FALSE
17704,TRUE
17707,FALSE
17711,FALSE
17720,TRUE
17723,TRUE
17728,FALSE
17729,FALSE
17730,TRUE
17732,TRUE
17753,FALSE
17758,FALSE
17763,FALSE
17765,TRUE
17766,FALSE
17768,FALSE
17769,FALSE
17773,TRUE
17774,TRUE
17779,FALSE
17782,TRUE
17790,FALSE
17792,FALSE
17796,FALSE
17797,FALSE
17798,FALSE
17805,FALSE
17806,FALSE
17807,FALSE
17808,FALSE
17809,TRUE
17811,FALSE
17817,FALSE
17821,TRUE
17824,TRUE
17825,FALSE
17827,TRUE
17829,FALSE
17835,FALSE
17837,FALSE
17840,FALSE
17844,FALSE
17849,TRUE
17851,FALSE
17854,FALSE
17861,FALSE
17866,FALSE
17871,FALSE
17873,FALSE
17878,TRUE
17884,FALSE
17889,FALSE
17890,FALSE
17892,TRUE
17897,TRUE
17905,FALSE
17906,FALSE
17913,FALSE
17914,FALSE
17916,FALSE
17919,TRUE
17920,TRUE
17926,TRUE
17930,TRUE
17938,FALSE
17940,FALSE
17955,FALSE
17957,TRUE
17960,FALSE
17961,FALSE
17962,FALSE
17965,FALSE
17966,FALSE
17969,TRUE
17970,FALSE
17974,TRUE
17980,FALSE
17982,TRUE
17984,FALSE
17985,TRUE
17988,FALSE
17992,TRUE
17994,TRUE
17995,FALSE
17997,FALSE
17998,TRUE
17999,FALSE
18004,FALSE
18005,TRUE
18011,TRUE
18014,TRUE
18015,TRUE
18020,TRUE
18026,FALSE
18031,FALSE
18033,FALSE
18034,FALSE
18035,FALSE
18036,FALSE
18041,FALSE
18042,FALSE
18045,FALSE
18046,FALSE
18050,FALSE
18051,FALSE
18052,TRUE
18055,FALSE
18063,FALSE
18066,FALSE
18069,FALSE
18072,FALSE
18075,TRUE
18076,FALSE
18092,TRUE
18093,FALSE
18095,FALSE
18097,TRUE
18100,FALSE
18102,FALSE
18105,TRUE
18109,FALSE
18111,FALSE
18113,TRUE
18114,FALSE
18115,FALSE
18116,FALSE
18120,FALSE
18122,FALSE
18132,FALSE
18139,TRUE
18143,FALSE
18146,TRUE
18151,FALSE
18153,FALSE
18155,FALSE
18161,TRUE
18163,TRUE
18170,TRUE
18171,TRUE
18176,TRUE
18178,FALSE
18181,FALSE
18183,FALSE
18186,FALSE
18190,TRUE
18193,FALSE
18196,FALSE
18197,FALSE
18200,FALSE
18203,FALSE
18206,FALSE
18207,FALSE
18211,TRUE
18219,FALSE
18221,FALSE
18222,FALSE
18227,FALSE
18228,FALSE
18231,FALSE
18233,FALSE
18234,FALSE
18235,FALSE
18236,FALSE
18244,FALSE
18252,TRUE
18263,TRUE
18264,TRUE
18265,TRUE
18270,TRUE
18271,TRUE
18272,FALSE
18275,TRUE
18278,FALSE
18281,FALSE
18283,TRUE
18288,FALSE
18291,FALSE
18294,FALSE
18295,TRUE
18298,FALSE
18300,TRUE
18305,FALSE
18314,FALSE
18317,TRUE
18318,FALSE
18319,FALSE
18321,FALSE
18324,TRUE
18331,FALSE
18335,FALSE
18339,FALSE
18342,FALSE
18344,FALSE
18345,FALSE
18347,FALSE
18351,FALSE
18352,FALSE
18363,FALSE
18366,FALSE
18370,FALSE
18371,FALSE
18378,TRUE
18379,FALSE
18382,FALSE
18386,TRUE
18389,FALSE
18393,FALSE
18395,FALSE
18402,TRUE
18405,FALSE
18411,TRUE
18412,FALSE
18417,FALSE
18424,FALSE
18428,FALSE
18431,TRUE
18440,FALSE
18441,FALSE
18442,FALSE
18444,TRUE
18445,FALSE
18447,TRUE
18448,TRUE
18455,TRUE
18464,FALSE
18466,FALSE
18467,TRUE
18471,FALSE
18475,FALSE
18479,FALSE
18482,FALSE
18486,TRUE
18487,FALSE
18494,FALSE
18496,FALSE
18498,FALSE
18503,FALSE
18504,FALSE
18505,FALSE
18506,FALSE
18509,FALSE
18515,TRUE
18517,FALSE
18521,TRUE
18522,FALSE
18523,FALSE
18526,FALSE
18531,FALSE
18533,TRUE
18537,TRUE
18539,TRUE
18540,FALSE
18554,FALSE
18555,TRUE
18557,FALSE
18559,FALSE
18560,FALSE
18562,FALSE
18568,FALSE
18569,TRUE
18575,TRUE
18576,FALSE
18580,FALSE
18581,TRUE
18583,FALSE
18584,FALSE
18585,FALSE
18586,FALSE
18588,FALSE
18590,FALSE
18591,TRUE
18594,FALSE
18595,FALSE
18596,FALSE
18606,FALSE
18607,FALSE
18608,TRUE
18609,FALSE
18610,FALSE
18612,FALSE
18613,FALSE
18614,TRUE
18615,FALSE
18617,TRUE
18623,FALSE
18625,TRUE
18628,FALSE
18629,FALSE
18634,FALSE
18635,FALSE
18640,TRUE
18645,FALSE
18649,FALSE
18651,FALSE
18654,TRUE
18657,FALSE
18659,FALSE
18661,TRUE
18662,FALSE
18663,FALSE
18665,FALSE
18675,TRUE
18680,TRUE
18681,FALSE
18683,FALSE
18685,TRUE
18689,FALSE
18693,FALSE
18696,FALSE
18697,FALSE
18707,FALSE
18712,TRUE
18716,FALSE
18717,FALSE
18720,FALSE
18723,FALSE
18727,TRUE
18728,TRUE
18731,FALSE
18741,FALSE
18743,FALSE
18746,TRUE
18751,FALSE
18760,FALSE
18761,FALSE
18764,FALSE
18765,FALSE
18768,FALSE
18772,FALSE
18779,FALSE
18780,FALSE
18783,TRUE
18786,FALSE
18792,FALSE
18793,FALSE
18796,FALSE
18806,FALSE
18808,FALSE
18809,FALSE
18814,FALSE
18816,TRUE
18822,FALSE
18825,TRUE
18827,FALSE
18828,TRUE
18831,FALSE
18832,TRUE
18834,FALSE
18838,FALSE
18848,FALSE
18850,FALSE
18854,FALSE
18855,FALSE
18857,FALSE
18862,FALSE
18866,FALSE
18870,TRUE
18872,FALSE
18874,FALSE
18876,FALSE
18881,FALSE
18883,FALSE
18884,FALSE
18897,TRUE
18899,FALSE
18900,TRUE
18901,FALSE
18903,TRUE
18906,TRUE
18907,TRUE
18910,FALSE
18918,FALSE
18922,FALSE
18923,TRUE
18927,FALSE
18928,FALSE
18930,FALSE
18931,FALSE
18934,TRUE
18935,FALSE
18936,TRUE
18938,TRUE
18939,FALSE
18942,FALSE
18946,FALSE
18947,FALSE
18949,FALSE
18955,TRUE
18959,FALSE
18963,FALSE
18967,FALSE
18968,TRUE
18971,FALSE
18980,FALSE
18983,FALSE
18984,TRUE
18994,TRUE
18997,FALSE
18998,TRUE
18999,FALSE
19000,FALSE
19005,TRUE
19010,TRUE
19016,FALSE
19019,TRUE
19020,TRUE
19023,FALSE
19025,FALSE
19027,FALSE
19030,FALSE
19031,FALSE
19036,FALSE
19037,FALSE
19038,FALSE
19044,FALSE
19056,FALSE
19058,TRUE
19062,FALSE
19063,FALSE
19066,TRUE
19078,FALSE
19080,FALSE
19083,FALSE
19093,FALSE
19094,TRUE
19100,TRUE
19101,FALSE
19104,FALSE
19106,FALSE
19108,TRUE
19111,FALSE
19116,FALSE
19126,TRUE
19130,TRUE
19132,FALSE
19136,FALSE
19143,FALSE
19145,FALSE
19147,TRUE
19155,FALSE
19158,TRUE
19159,FALSE
19163,TRUE
19169,TRUE
19170,FALSE
19172,FALSE
19176,FALSE
19184,TRUE
19186,FALSE
19197,FALSE
19200,FALSE
19204,FALSE
19205,FALSE
19209,FALSE
19214,FALSE
19215,FALSE
19217,FALSE
19218,FALSE
19220,FALSE
19223,FALSE
19224,TRUE
19227,FALSE
19234,TRUE
19235,FALSE
19239,FALSE
19241,TRUE
19244,TRUE
19252,FALSE
19255,FALSE
19260,TRUE
19264,TRUE
19270,FALSE
19271,FALSE
19277,FALSE
19280,TRUE
19284,TRUE
19285,FALSE
19287,FALSE
19290,TRUE
19294,FALSE
19296,FALSE
19300,FALSE
19303,TRUE
19304,TRUE
19311,TRUE
19315,FALSE
19317,FALSE
19331,FALSE
19342,TRUE
19347,TRUE
19349,FALSE
19353,FALSE
19354,FALSE
19357,FALSE
19358,FALSE
19360,FALSE
19363,FALSE
19366,FALSE
19374,FALSE
19375,FALSE
19377,TRUE
19378,TRUE
19380,FALSE
19383,FALSE
19386,FALSE
19391,FALSE
19395,TRUE
19399,FALSE
19401,FALSE
19403,TRUE
19407,FALSE
19409,TRUE
19416,TRUE
19420,TRUE
19422,FALSE
19429,FALSE
19430,TRUE
19431,FALSE
19436,FALSE
19439,TRUE
19440,TRUE
19445,TRUE
19452,TRUE
19458,TRUE
19463,TRUE
19470,FALSE
19471,FALSE
19476,FALSE
19479,TRUE
19494,FALSE
19496,TRUE
19499,FALSE
19503,TRUE
19505,FALSE
19509,FALSE
19513,FALSE
19522,FALSE
19524,TRUE
19527,TRUE
19528,FALSE
19529,FALSE
19530,TRUE
19534,FALSE
19536,FALSE
19539,FALSE
19540,TRUE
19542,TRUE
19543,FALSE
19550,TRUE
19553,FALSE
19560,FALSE
19561,TRUE
19563,FALSE
19566,FALSE
19568,TRUE
19571,FALSE
19583,TRUE
19585,FALSE
19586,TRUE
19588,TRUE
19591,FALSE
19597,FALSE
19604,FALSE
19605,TRUE
19607,FALSE
19608,TRUE
19609,FALSE
19611,FALSE
19612,FALSE
19613,TRUE
19614,TRUE
19626,FALSE
19628,TRUE
19630,FALSE
19633,TRUE
19635,FALSE
19638,FALSE
19646,FALSE
19649,FALSE
19650,FALSE
19652,TRUE
19653,FALSE
19658,FALSE
19659,FALSE
19661,FALSE
19667,FALSE
19668,FALSE
19670,FALSE
19680,FALSE
19684,FALSE
19688,FALSE
19692,FALSE
19697,FALSE
19702,FALSE
19708,FALSE
19709,FALSE
19711,TRUE
19715,FALSE
19716,TRUE
19717,FALSE
19719,TRUE
19724,FALSE
19726,FALSE
19727,FALSE
19732,FALSE
19736,FALSE
19737,FALSE
19741,FALSE
19742,FALSE
19743,FALSE
19745,FALSE
19746,FALSE
19747,FALSE
19754,TRUE
19760,FALSE
19767,FALSE
19769,FALSE
19771,FALSE
19773,FALSE
19781,FALSE
19783,FALSE
19784,FALSE
19786,FALSE
19789,FALSE
19790,FALSE
19792,TRUE
19796,FALSE
19797,FALSE
19801,FALSE
19802,FALSE
19807,TRUE
19808,FALSE
19811,FALSE
19812,TRUE
19813,FALSE
19823,FALSE
19825,FALSE
19829,TRUE
19831,FALSE
19833,TRUE
19834,FALSE
19836,FALSE
19841,FALSE
19847,FALSE
19851,FALSE
19852,FALSE
19853,TRUE
19854,TRUE
19855,FALSE
19858,FALSE
19859,TRUE
19861,FALSE
19863,TRUE
19868,FALSE
19870,FALSE
19873,FALSE
19876,FALSE
19877,FALSE
19878,TRUE
19882,TRUE
19884,FALSE
19888,FALSE
19889,FALSE
19890,FALSE
19891,FALSE
19894,FALSE
19896,TRUE
19900,FALSE
19902,TRUE
19903,TRUE
19907,TRUE
19910,TRUE
19919,TRUE
19923,FALSE
19928,TRUE
19938,FALSE
